PassengerId,Embarked_C,Embarked_Q,Embarked_S,Family_Cate_Single,Family_Cate_Multiplayer,Family_Cate_SuperMultiplayer,Title_Master,Title_Miss,Title_Mr,Title_Mrs,Title_Others,Age_scaled,Fare_scaled,Pclass,Sex,Survived
1,0,0,1,0,1,0,0,0,1,0,0,-0.5422216449455206,-0.856233187677573,3,1,0
2,1,0,0,0,1,0,0,0,0,1,0,0.7213168869372621,2.143614574937876,1,0,1
3,0,0,1,1,0,0,0,1,0,0,0,-0.22633701197482492,-0.820552179047345,3,0,1
4,0,0,1,0,1,0,0,0,0,1,0,0.4844034122092404,1.5674323615016044,1,0,1
5,0,0,1,1,0,0,0,0,1,0,0,0.4844034122092404,-0.8139445848565622,3,1,0
6,0,1,0,1,0,0,0,0,1,0,0,-0.30530817021749884,-0.7923615391917889,3,1,0
7,0,0,1,1,0,0,0,0,1,0,0,1.984855418820045,1.5020171790128534,1,1,0
8,0,0,1,0,0,1,1,0,0,0,0,-2.121644809798999,-0.1254332701769813,3,1,0
9,0,0,1,0,1,0,0,0,0,1,0,-0.147365853732151,-0.6509590235090342,3,0,1
10,1,0,0,0,1,0,0,0,0,1,0,-1.173990910886912,0.35009149639457904,2,0,1
11,0,0,1,0,1,0,0,1,0,0,0,-1.963702493313651,-0.35669906685438374,3,0,1
12,0,0,1,1,0,0,0,1,0,0,0,2.2217688935480666,0.16397935537931094,1,0,1
13,0,0,1,1,0,0,0,0,1,0,0,-0.7001639614308685,-0.8139445848565622,3,1,0
14,0,0,1,0,0,1,0,0,1,0,0,0.800288045179936,0.41374641579090543,3,1,0
15,0,0,1,1,0,0,0,1,0,0,0,-1.173990910886912,-0.8242947203970046,3,0,0
16,0,0,1,1,0,0,0,0,0,1,0,2.0638265770627187,-0.3937015943227681,2,0,1
17,0,1,0,0,0,1,1,0,0,0,0,-2.121644809798999,0.3000957957094392,3,1,0
18,0,0,1,1,0,0,0,0,1,0,0,0.08954762099587076,-0.5522838549015583,2,1,1
19,0,0,1,0,1,0,0,0,0,1,0,0.1685187792385447,-0.28798008727024127,3,0,0
20,1,0,0,1,0,0,0,0,0,1,0,-0.5817072240668576,-0.8575547065157296,3,0,1
21,0,0,1,1,0,0,0,0,1,0,0,0.4844034122092404,0.13490594093986602,2,1,0
22,0,0,1,1,0,0,0,0,1,0,0,0.40543225396656646,-0.5522838549015583,2,1,1
23,0,1,0,1,0,0,0,1,0,0,0,-1.095019752644238,-0.8150440885299085,3,0,1
24,0,0,1,1,0,0,0,0,1,0,0,-0.06839469548947709,0.6370830994393684,1,1,1
25,0,0,1,0,0,1,0,1,0,0,0,-1.6478178603429554,-0.1254332701769813,3,0,0
26,0,0,1,0,0,1,0,0,0,1,0,0.7213168869372621,0.4196932505626101,3,0,1
27,1,0,0,1,0,0,0,0,1,0,0,-0.30530817021749884,-0.8575547065157296,3,1,0
28,0,0,1,0,0,1,0,0,1,0,0,-0.7791351196735424,1.5092855326227146,1,1,0
29,0,1,0,1,0,0,0,1,0,0,0,-0.5817072240668576,-0.8229732015588479,3,0,1
30,0,0,1,1,0,0,0,0,1,0,0,-0.30530817021749884,-0.8220957130503119,3,1,0
31,1,0,0,1,0,0,0,0,0,0,1,0.87925920342261,0.22586872560786012,1,1,0
32,1,0,0,0,1,0,0,0,0,1,0,0.4844034122092404,2.143614574937876,1,0,1
33,0,1,0,1,0,0,0,1,0,0,0,-0.5817072240668576,-0.8298028109144412,3,0,1
34,0,0,1,1,0,0,0,0,1,0,0,2.2217688935480666,-0.6844357387172169,2,1,0
35,1,0,0,0,1,0,0,0,1,0,0,-0.06839469548947709,1.5092855326227146,1,1,0
36,0,0,1,0,1,0,0,0,1,0,0,1.0372015199079578,1.5092855326227146,1,1,0
37,1,0,0,1,0,0,0,0,1,0,0,-0.30530817021749884,-0.8573326913509193,3,1,1
38,0,0,1,1,0,0,0,0,1,0,0,-0.6211928031881946,-0.8139445848565622,3,1,0
39,0,0,1,0,1,0,0,1,0,0,0,-0.8581062779162163,-0.28798008727024127,3,0,0
40,1,0,0,0,1,0,0,1,0,0,0,-1.173990910886912,-0.6452289178267873,3,0,1
41,0,0,1,0,1,0,0,0,0,1,0,0.87925920342261,-0.7386180110816368,3,0,0
42,0,0,1,0,1,0,0,0,0,1,0,-0.147365853732151,-0.12939782669145103,2,0,0
43,1,0,0,1,0,0,0,0,1,0,0,-0.30530817021749884,-0.8220957130503119,3,1,0
44,1,0,0,0,0,1,0,1,0,0,0,-2.042673651556325,0.958434192276229,2,0,1
45,0,1,0,1,0,0,0,1,0,0,0,-0.7791351196735424,-0.8229732015588479,3,0,1
46,0,0,1,1,0,0,0,0,1,0,0,-0.30530817021749884,-0.8139445848565622,3,1,0
47,0,1,0,0,1,0,0,0,1,0,0,-0.30530817021749884,-0.4201319710858998,3,1,0
48,0,1,0,1,0,0,0,1,0,0,0,-0.5817072240668576,-0.8298028109144412,3,0,1
49,1,0,0,0,1,0,0,0,1,0,0,-0.30530817021749884,-0.09349480289641283,3,1,0
50,0,0,1,0,1,0,0,0,0,1,0,-0.8581062779162163,-0.2985522379754939,3,0,0
51,0,0,1,0,0,1,1,0,0,0,0,-1.7267890185856294,0.8584375048305964,3,1,0
52,0,0,1,1,0,0,0,0,1,0,0,-0.6211928031881946,-0.827159773238128,3,1,0
53,1,0,0,0,1,0,0,0,0,1,0,1.5899996276066752,2.143614574937876,1,0,1
54,0,0,1,0,1,0,0,0,0,1,0,0.010576462753196838,0.13490594093986602,2,0,1
55,1,0,0,0,1,0,0,0,1,0,0,2.2217688935480666,1.5092855326227146,1,1,0
56,0,0,1,1,0,0,0,0,1,0,0,0.87925920342261,0.6370830994393684,1,1,1
57,0,0,1,1,0,0,0,1,0,0,0,-0.6211928031881946,-0.6844357387172169,2,0,1
58,1,0,0,1,0,0,0,0,1,0,0,-0.02890911636814012,-0.8573326913509193,3,1,0
59,0,0,1,0,0,1,0,1,0,0,0,-1.8847313350709773,0.22741225961082698,2,0,1
60,0,0,1,0,0,1,1,0,0,0,0,-1.4109043856149337,1.2396956896387712,3,1,0
61,1,0,0,1,0,0,0,0,1,0,0,-0.5422216449455206,-0.8573326913509193,3,1,0
62,0,0,1,1,0,0,0,1,0,0,0,0.7213168869372621,2.143614574937876,1,0,1
63,0,0,1,0,1,0,0,0,1,0,0,1.2741149946359795,1.5092855326227146,1,1,0
64,0,0,1,0,0,1,1,0,0,0,0,-1.963702493313651,0.23534137263976643,3,1,0
65,1,0,0,1,0,0,0,0,1,0,0,0.87925920342261,0.22586872560786012,1,1,0
66,1,0,0,0,1,0,1,0,0,0,0,-0.30530817021749884,-0.43356917463227596,3,1,1
67,0,0,1,1,0,0,0,0,0,1,0,0.010576462753196838,-0.6844357387172169,2,0,1
68,0,0,1,1,0,0,0,0,1,0,0,-0.7791351196735424,-0.8082197652496678,3,1,0
69,0,0,1,0,0,1,0,1,0,0,0,-0.9370774361588903,-0.820552179047345,3,0,1
70,0,0,1,0,1,0,0,0,1,0,0,-0.22633701197482492,-0.7815673733217259,3,1,0
71,0,0,1,1,0,0,0,0,1,0,0,0.2474899374812186,-0.6844357387172169,2,1,0
72,0,0,1,0,0,1,0,1,0,0,0,-1.0160485944015643,1.2396956896387712,3,0,0
73,0,0,1,1,0,0,0,0,1,0,0,-0.6211928031881946,1.5092855326227146,2,1,0
74,1,0,0,0,1,0,0,0,1,0,0,-0.22633701197482492,-0.475413747123666,3,1,0
75,0,0,1,1,0,0,0,0,1,0,0,0.2474899374812186,1.74693690832609,3,1,1
76,0,0,1,1,0,0,0,0,1,0,0,-0.30530817021749884,-0.8350888862670676,3,1,0
77,0,0,1,1,0,0,0,0,1,0,0,-0.30530817021749884,-0.8220957130503119,3,1,0
78,0,0,1,1,0,0,0,0,1,0,0,-0.30530817021749884,-0.8139445848565622,3,1,0
79,0,0,1,0,1,0,1,0,0,0,0,-2.214041064942928,0.29348820151865623,2,1,1
80,0,0,1,1,0,0,0,1,0,0,0,0.08954762099587076,-0.5800357505028466,3,0,1
81,0,0,1,1,0,0,0,0,1,0,0,-0.5422216449455206,-0.7637268690066119,3,1,0
82,0,0,1,1,0,0,0,0,1,0,0,0.010576462753196838,-0.7372964922434803,3,1,1
83,0,1,0,1,0,0,0,1,0,0,0,-0.5817072240668576,-0.8278205326572063,3,0,1
84,0,0,1,1,0,0,0,0,1,0,0,-0.06839469548947709,1.250267840344024,1,1,0
85,0,0,1,1,0,0,0,1,0,0,0,-0.9370774361588903,-0.6844357387172169,2,0,1
86,0,0,1,0,0,1,0,0,0,1,0,0.32646109572389254,-0.4016307073517076,3,0,1
87,0,0,1,0,0,1,0,0,1,0,0,-1.0160485944015643,0.577614751722322,3,1,0
88,0,0,1,1,0,0,0,0,1,0,0,-0.30530817021749884,-0.8139445848565622,3,1,0
89,0,0,1,0,0,1,0,1,0,0,0,-0.4632504867028467,2.143614574937876,1,0,1
90,0,0,1,1,0,0,0,0,1,0,0,-0.38427932846017276,-0.8139445848565622,3,1,0
91,0,0,1,1,0,0,0,0,1,0,0,0.010576462753196838,-0.8139445848565622,3,1,0
92,0,0,1,1,0,0,0,0,1,0,0,-0.7001639614308685,-0.8242947203970046,3,1,0
93,0,0,1,0,1,0,0,0,1,0,0,1.3530861528786535,1.5092855326227146,1,1,0
94,0,0,1,0,0,1,0,0,1,0,0,-0.22633701197482492,-0.151863646940113,3,1,0
95,0,0,1,1,0,0,0,0,1,0,0,2.2217688935480666,-0.856233187677573,3,1,0
96,0,0,1,1,0,0,0,0,1,0,0,-0.30530817021749884,-0.8139445848565622,3,1,0
97,1,0,0,1,0,0,0,0,1,0,0,2.2217688935480666,0.5923734741068549,1,1,0
98,1,0,0,0,1,0,0,0,1,0,0,-0.4632504867028467,2.1096938294000727,1,1,1
99,0,0,1,0,1,0,0,0,0,1,0,0.40543225396656646,-0.02367631963892421,2,0,1
100,0,0,1,0,1,0,0,0,1,0,0,0.40543225396656646,0.13490594093986602,2,1,0
101,0,0,1,1,0,0,0,1,0,0,0,-0.06839469548947709,-0.8220957130503119,3,0,0
102,0,0,1,1,0,0,0,0,1,0,0,-0.30530817021749884,-0.8220957130503119,3,1,0
103,0,0,1,0,1,0,0,0,1,0,0,-0.6211928031881946,1.5092855326227146,1,1,0
104,0,0,1,1,0,0,0,0,1,0,0,0.32646109572389254,-0.7820061175759938,3,1,0
105,0,0,1,0,1,0,0,0,1,0,0,0.6423457286945882,-0.820552179047345,3,1,0
106,0,0,1,1,0,0,0,0,1,0,0,-0.06839469548947709,-0.8220957130503119,3,1,0
107,0,0,1,1,0,0,0,1,0,0,0,-0.6211928031881946,-0.8350888862670676,3,0,1
108,0,0,1,1,0,0,0,0,1,0,0,-0.30530817021749884,-0.8284812920762846,3,1,1
109,0,0,1,1,0,0,0,0,1,0,0,0.7213168869372621,-0.8220957130503119,3,1,0
110,0,1,0,0,1,0,0,1,0,0,0,-0.5817072240668576,0.037113546916278634,3,0,1
111,0,0,1,1,0,0,0,0,1,0,0,1.4320573111213275,1.5092855326227146,1,1,0
112,1,0,0,0,1,0,0,1,0,0,0,-1.134505331765575,-0.475413747123666,3,0,0
113,0,0,1,1,0,0,0,0,1,0,0,-0.5422216449455206,-0.8139445848565622,3,1,0
114,0,0,1,0,1,0,0,1,0,0,0,-0.7001639614308685,-0.7201167473474447,3,0,0
115,1,0,0,1,0,0,0,1,0,0,0,-0.9370774361588903,-0.4751970180342084,3,0,0
116,0,0,1,1,0,0,0,0,1,0,0,-0.6211928031881946,-0.820552179047345,3,1,0
117,0,1,0,1,0,0,0,0,1,0,0,2.2217688935480666,-0.8298028109144412,3,1,0
118,0,0,1,0,1,0,0,0,1,0,0,0.010576462753196838,-0.12939782669145103,2,1,0
119,1,0,0,0,1,0,0,0,1,0,0,-0.38427932846017276,1.5092855326227146,1,1,0
120,0,0,1,0,0,1,0,1,0,0,0,-2.121644809798999,0.41374641579090543,3,0,0
121,0,0,1,0,1,0,0,0,1,0,0,-0.6211928031881946,1.5092855326227146,2,1,0
122,0,0,1,1,0,0,0,0,1,0,0,-0.30530817021749884,-0.8139445848565622,3,1,0
123,1,0,0,0,1,0,0,0,1,0,0,0.28697551660255555,0.35009149639457904,2,1,0
124,0,0,1,1,0,0,0,1,0,0,0,0.28697551660255555,-0.5522838549015583,2,0,1
125,0,0,1,0,1,0,0,0,1,0,0,1.984855418820045,1.5092855326227146,1,1,0
126,1,0,0,0,1,0,1,0,0,0,0,-1.33193322737226,-0.6452289178267873,3,1,1
127,0,1,0,1,0,0,0,0,1,0,0,-0.30530817021749884,-0.8298028109144412,3,1,0
128,0,0,1,1,0,0,0,0,1,0,0,-0.38427932846017276,-0.8619580072844673,3,1,1
129,1,0,0,0,1,0,0,1,0,0,0,-0.5817072240668576,-0.05759706517672745,3,0,1
130,0,0,1,1,0,0,0,0,1,0,0,1.2741149946359795,-0.8165876225328753,3,1,0
131,1,0,0,1,0,0,0,0,1,0,0,0.32646109572389254,-0.8220957130503119,3,1,0
132,0,0,1,1,0,0,0,0,1,0,0,-0.7001639614308685,-0.8165876225328753,3,1,0
133,0,0,1,0,1,0,0,0,0,1,0,1.4320573111213275,-0.4729927246121632,3,0,0
134,0,0,1,0,1,0,0,0,0,1,0,0.010576462753196838,0.13490594093986602,2,0,1
135,0,0,1,1,0,0,0,0,1,0,0,-0.30530817021749884,-0.5522838549015583,2,1,0
136,1,0,0,1,0,0,0,0,1,0,0,-0.4632504867028467,-0.44414132533752865,2,1,0
137,0,0,1,0,1,0,0,1,0,0,0,-0.7791351196735424,0.14988139241385648,1,0,1
138,0,0,1,0,1,0,0,0,1,0,0,0.6423457286945882,1.5092855326227146,1,1,0
139,0,0,1,1,0,0,0,0,1,0,0,-1.0160485944015643,-0.7522719437174706,3,1,0
140,1,0,0,1,0,0,0,0,1,0,0,-0.38427932846017276,1.5092855326227146,1,1,0
141,1,0,0,0,1,0,0,0,0,1,0,-0.5817072240668576,-0.43356917463227596,3,0,0
142,0,0,1,1,0,0,0,1,0,0,0,-0.5422216449455206,-0.8298028109144412,3,0,1
143,0,0,1,0,1,0,0,0,0,1,0,-0.38427932846017276,-0.4016307073517076,3,0,1
144,0,1,0,1,0,0,0,0,1,0,0,-0.7791351196735424,-0.8165876225328753,3,1,0
145,0,0,1,1,0,0,0,0,1,0,0,-0.8581062779162163,-0.6315749851909535,2,1,0
146,0,0,1,0,1,0,0,0,1,0,0,-0.7791351196735424,0.7031590413471976,2,1,0
147,0,0,1,1,0,0,0,0,1,0,0,-0.147365853732151,-0.8273817884029383,3,1,1
148,0,0,1,0,0,1,0,1,0,0,0,-1.5688467021002817,0.577614751722322,3,0,0
149,0,0,1,0,1,0,0,0,1,0,0,0.6028601495732513,0.13490594093986602,2,1,0
150,0,0,1,1,0,0,0,0,0,0,1,1.0372015199079578,-0.5522838549015583,2,1,0
151,0,0,1,1,0,0,0,0,0,0,1,1.7479419440920232,-0.5773927128265334,2,1,0
152,0,0,1,0,1,0,0,0,0,1,0,-0.5422216449455206,2.143614574937876,1,0,1
153,0,0,1,1,0,0,0,0,1,0,0,2.1033121561840558,-0.8139445848565622,3,1,0
154,0,0,1,0,1,0,0,0,1,0,0,0.918744782543947,-0.4729927246121632,3,1,0
155,0,0,1,1,0,0,0,0,1,0,0,-0.30530817021749884,-0.8529293905821814,3,1,0
156,1,0,0,0,1,0,0,0,1,0,0,1.7479419440920232,1.5092855326227146,1,1,0
157,0,1,0,1,0,0,0,1,0,0,0,-1.0160485944015643,-0.8306855854983298,3,0,1
158,0,0,1,1,0,0,0,0,1,0,0,0.08954762099587076,-0.8139445848565622,3,1,0
159,0,0,1,1,0,0,0,0,1,0,0,-0.30530817021749884,-0.7815673733217259,3,1,0
160,0,0,1,0,0,1,1,0,0,0,0,-0.30530817021749884,1.5092855326227146,3,1,0
161,0,0,1,0,1,0,0,0,1,0,0,1.1951438363933056,-0.38841551897014165,3,1,0
162,0,0,1,1,0,0,0,0,0,1,0,0.87925920342261,-0.4069167827043339,2,0,1
163,0,0,1,1,0,0,0,0,1,0,0,-0.22633701197482492,-0.8284812920762846,3,1,0
164,0,0,1,1,0,0,0,0,1,0,0,-0.9370774361588903,-0.7815673733217259,3,1,0
165,0,0,1,0,0,1,1,0,0,0,0,-2.200615968041673,0.8584375048305964,3,1,0
166,0,0,1,0,1,0,1,0,0,0,0,-1.5688467021002817,-0.15450668461642622,3,1,1
167,0,0,1,0,1,0,0,0,0,1,0,0.4844034122092404,1.667867793201505,1,0,1
168,0,0,1,0,0,1,0,0,0,1,0,1.2741149946359795,0.23534137263976643,3,0,0
169,0,0,1,1,0,0,0,0,1,0,0,0.87925920342261,0.1309413844253963,1,1,0
170,0,0,1,1,0,0,0,0,1,0,0,-0.06839469548947709,1.5092855326227146,3,1,0
171,0,0,1,1,0,0,0,0,1,0,0,2.2217688935480666,0.5313615923868416,1,1,0
172,0,1,0,0,0,1,1,0,0,0,0,-1.963702493313651,0.3000957957094392,3,1,0
173,0,0,1,0,1,0,0,1,0,0,0,-2.200615968041673,-0.6509590235090342,3,0,1
174,0,0,1,1,0,0,0,0,1,0,0,-0.6211928031881946,-0.820552179047345,3,1,0
175,1,0,0,1,0,0,0,0,1,0,0,2.142797735305393,0.3831294673484936,1,1,0
176,0,0,1,0,1,0,0,0,1,0,0,-0.8581062779162163,-0.8242947203970046,3,1,0
177,0,0,1,0,0,1,1,0,0,0,0,-0.30530817021749884,0.10671530108430971,3,1,0
178,1,0,0,1,0,0,0,1,0,0,0,1.6689707858493492,0.27829073487985545,1,0,0
179,0,0,1,1,0,0,0,0,1,0,0,0.08954762099587076,-0.5522838549015583,2,1,0
180,0,0,1,1,0,0,0,0,1,0,0,0.5633745704519143,-0.8165876225328753,3,1,0
181,0,0,1,0,0,1,0,1,0,0,0,-0.5817072240668576,1.5092855326227146,3,0,0
182,1,0,0,1,0,0,0,0,1,0,0,0.08954762099587076,-0.4439193101727183,2,1,0
183,0,0,1,0,0,1,1,0,0,0,0,-1.5688467021002817,0.4196932505626101,3,1,0
184,0,0,1,0,0,1,1,0,0,0,0,-2.200615968041673,0.8220957367812903,2,1,1
185,0,0,1,0,1,0,0,1,0,0,0,-1.963702493313651,-0.07521555432703111,3,0,1
186,0,0,1,1,0,0,0,0,1,0,0,0.87925920342261,1.4035640255701878,1,1,0
187,0,1,0,0,1,0,0,0,0,1,0,-0.5817072240668576,-0.4201319710858998,3,0,1
188,0,0,1,1,0,0,0,0,1,0,0,1.2741149946359795,0.16397935537931094,1,1,1
189,0,1,0,0,1,0,0,0,1,0,0,0.87925920342261,-0.4201319710858998,3,1,0
190,0,0,1,1,0,0,0,0,1,0,0,0.5633745704519143,-0.8220957130503119,3,1,0
191,0,0,1,1,0,0,0,0,0,1,0,0.2474899374812186,-0.5522838549015583,2,0,1
192,0,0,1,1,0,0,0,0,1,0,0,-0.7791351196735424,-0.5522838549015583,2,1,0
193,0,0,1,0,1,0,0,1,0,0,0,-0.7791351196735424,-0.8242947203970046,3,0,1
194,0,0,1,0,1,0,1,0,0,0,0,-2.042673651556325,0.13490594093986602,2,1,1
195,1,0,0,1,0,0,0,0,0,1,0,1.1951438363933056,0.22586872560786012,1,0,1
196,1,0,0,1,0,0,0,1,0,0,0,2.2217688935480666,2.143614574937876,1,0,1
197,0,1,0,1,0,0,0,0,1,0,0,-0.30530817021749884,-0.8298028109144412,3,1,0
198,0,0,1,0,1,0,0,0,1,0,0,1.0372015199079578,-0.7952213059575597,3,1,0
199,0,1,0,1,0,0,0,1,0,0,0,-0.5817072240668576,-0.8298028109144412,3,0,1
200,0,0,1,1,0,0,0,1,0,0,0,-0.38427932846017276,-0.5522838549015583,2,0,0
201,0,0,1,1,0,0,0,0,1,0,0,-0.06839469548947709,-0.7372964922434803,3,1,0
202,0,0,1,0,0,1,0,0,1,0,0,-0.30530817021749884,1.5092855326227146,3,1,0
203,0,0,1,1,0,0,0,0,1,0,0,0.40543225396656646,-0.8165876225328753,3,1,0
204,1,0,0,1,0,0,0,0,1,0,0,1.3136005737573166,-0.8575547065157296,3,1,0
205,0,0,1,1,0,0,0,0,1,0,0,-0.8581062779162163,-0.8139445848565622,3,1,1
206,0,0,1,0,1,0,0,1,0,0,0,-2.121644809798999,-0.6864180169744517,3,0,0
207,0,0,1,0,1,0,0,0,1,0,0,0.2474899374812186,-0.4016307073517076,3,1,0
208,1,0,0,1,0,0,0,0,1,0,0,-0.22633701197482492,-0.24635224386830876,3,1,1
209,0,1,0,1,0,0,0,1,0,0,0,-1.0160485944015643,-0.8298028109144412,3,0,1
210,1,0,0,1,0,0,0,0,1,0,0,0.87925920342261,0.39920970857118304,1,1,1
211,0,0,1,1,0,0,0,0,1,0,0,-0.38427932846017276,-0.8165876225328753,3,1,0
212,0,0,1,1,0,0,0,1,0,0,0,0.4844034122092404,-0.12939782669145103,2,0,1
213,0,0,1,1,0,0,0,0,1,0,0,-0.5422216449455206,-0.856233187677573,3,1,0
214,0,0,1,1,0,0,0,0,1,0,0,0.08954762099587076,-0.5522838549015583,2,1,0
215,0,1,0,0,1,0,0,0,1,0,0,-0.30530817021749884,-0.8298028109144412,3,1,0
216,1,0,0,0,1,0,0,1,0,0,0,0.1685187792385447,2.143614574937876,1,0,1
217,0,0,1,1,0,0,0,1,0,0,0,-0.147365853732151,-0.820552179047345,3,0,1
218,0,0,1,0,1,0,0,0,1,0,0,1.0372015199079578,0.18776669446612942,2,1,0
219,1,0,0,1,0,0,0,1,0,0,0,0.2474899374812186,2.143614574937876,1,0,1
220,0,0,1,1,0,0,0,0,1,0,0,0.08954762099587076,-0.6844357387172169,2,1,0
221,0,0,1,1,0,0,0,0,1,0,0,-1.0160485944015643,-0.8139445848565622,3,1,1
222,0,0,1,1,0,0,0,0,1,0,0,-0.147365853732151,-0.5522838549015583,2,1,0
223,0,0,1,1,0,0,0,0,1,0,0,1.7479419440920232,-0.8139445848565622,3,1,0
224,0,0,1,1,0,0,0,0,1,0,0,-0.30530817021749884,-0.8220957130503119,3,1,0
225,0,0,1,0,1,0,0,0,1,0,0,0.7213168869372621,2.143614574937876,1,1,1
226,0,0,1,1,0,0,0,0,1,0,0,-0.5422216449455206,-0.7452256052724198,3,1,0
227,0,0,1,1,0,0,0,0,1,0,0,-0.7791351196735424,-0.6844357387172169,2,1,1
228,0,0,1,1,0,0,0,0,1,0,0,-0.6606783823095315,-0.856233187677573,3,1,0
229,0,0,1,1,0,0,0,0,1,0,0,-0.8581062779162163,-0.5522838549015583,2,1,0
230,0,0,1,0,0,1,0,1,0,0,0,-0.5817072240668576,0.10671530108430971,3,0,0
231,0,0,1,0,1,0,0,0,0,1,0,0.4844034122092404,2.143614574937876,1,0,1
232,0,0,1,1,0,0,0,0,1,0,0,0.010576462753196838,-0.8284812920762846,3,1,0
233,0,0,1,1,0,0,0,0,1,0,0,2.2217688935480666,-0.5258534781384266,2,1,0
234,0,0,1,0,0,1,0,1,0,0,0,-1.8847313350709773,0.4196932505626101,3,0,1
235,0,0,1,1,0,0,0,0,1,0,0,-0.38427932846017276,-0.6844357387172169,2,1,0
236,0,0,1,1,0,0,0,1,0,0,0,-0.5817072240668576,-0.8403749616196938,3,0,0
237,0,0,1,0,1,0,0,0,1,0,0,1.1951438363933056,0.13490594093986602,2,1,0
238,0,0,1,0,1,0,0,1,0,0,0,-1.6478178603429554,0.14812112932143187,2,0,1
239,0,0,1,1,0,0,0,0,1,0,0,-0.7791351196735424,-0.6844357387172169,2,1,0
240,0,0,1,1,0,0,0,0,1,0,0,0.32646109572389254,-0.5906079012080993,2,1,0
241,1,0,0,0,1,0,0,1,0,0,0,-0.5817072240668576,-0.475413747123666,3,0,0
242,0,1,0,0,1,0,0,1,0,0,0,-0.5817072240668576,-0.4201319710858998,3,0,1
243,0,0,1,1,0,0,0,0,1,0,0,0.010576462753196838,-0.6844357387172169,2,1,0
244,0,0,1,1,0,0,0,0,1,0,0,-0.5422216449455206,-0.8165876225328753,3,1,0
245,1,0,0,1,0,0,0,0,1,0,0,0.08954762099587076,-0.8575547065157296,3,1,0
246,0,1,0,0,1,0,0,0,0,0,1,1.1951438363933056,1.5092855326227146,1,1,0
247,0,0,1,1,0,0,0,1,0,0,0,-0.30530817021749884,-0.8284812920762846,3,0,0
248,0,0,1,0,1,0,0,0,0,1,0,-0.38427932846017276,-0.4729927246121632,2,0,1
249,0,0,1,0,1,0,0,0,1,0,0,0.6423457286945882,1.53858096222697,1,1,1
250,0,0,1,0,1,0,0,0,0,0,1,1.984855418820045,0.13490594093986602,2,1,0
251,0,0,1,1,0,0,0,0,1,0,0,-0.30530817021749884,-0.856233187677573,3,1,0
252,0,0,1,0,1,0,0,0,0,1,0,0.010576462753196838,-0.6864180169744517,3,0,0
253,0,0,1,1,0,0,0,0,1,0,0,2.2217688935480666,0.16397935537931094,1,1,0
254,0,0,1,0,1,0,0,0,1,0,0,0.08954762099587076,-0.38841551897014165,3,1,0
255,0,0,1,0,1,0,0,0,0,1,0,0.9582303616652839,-0.17102567009338354,3,0,0
256,1,0,0,0,1,0,0,0,0,1,0,0.010576462753196838,-0.43356917463227596,3,0,1
257,1,0,0,1,0,0,0,0,0,1,0,0.4844034122092404,2.143614574937876,1,0,1
258,0,0,1,1,0,0,0,1,0,0,0,0.08954762099587076,2.143614574937876,1,0,1
259,1,0,0,1,0,0,0,1,0,0,0,0.4844034122092404,2.143614574937876,1,0,1
260,0,0,1,0,1,0,0,0,0,1,0,1.6689707858493492,0.13490594093986602,2,0,1
261,0,1,0,1,0,0,0,0,1,0,0,-0.30530817021749884,-0.8298028109144412,3,1,0
262,0,0,1,0,0,1,1,0,0,0,0,-2.042673651556325,0.4196932505626101,3,1,1
263,0,0,1,0,1,0,0,0,1,0,0,1.826913102334697,1.5092855326227146,1,1,0
264,0,0,1,1,0,0,0,0,1,0,0,0.87925920342261,-0.8165876225328753,1,1,0
265,0,1,0,1,0,0,0,1,0,0,0,-0.5817072240668576,-0.8298028109144412,3,0,0
266,0,0,1,1,0,0,0,0,1,0,0,0.5633745704519143,-0.6844357387172169,2,1,0
267,0,0,1,0,0,1,0,0,1,0,0,-1.0160485944015643,0.8584375048305964,3,1,0
268,0,0,1,0,1,0,0,0,1,0,0,-0.30530817021749884,-0.8284812920762846,3,1,1
269,0,0,1,0,1,0,0,0,0,1,0,2.2217688935480666,2.143614574937876,1,0,1
270,0,0,1,1,0,0,0,1,0,0,0,0.4844034122092404,2.143614574937876,1,0,1
271,0,0,1,1,0,0,0,0,1,0,0,0.87925920342261,0.39920970857118304,1,1,0
272,0,0,1,1,0,0,0,0,1,0,0,-0.30530817021749884,-1.2394736507429827,3,1,1
273,0,0,1,0,1,0,0,0,0,1,0,0.9582303616652839,-0.20868895698084614,2,0,1
274,1,0,0,0,1,0,0,0,1,0,0,0.6423457286945882,0.33049072898704057,1,1,0
275,0,1,0,1,0,0,0,1,0,0,0,-0.5817072240668576,-0.8298028109144412,3,0,1
276,0,0,1,0,1,0,0,1,0,0,0,2.2217688935480666,2.143614574937876,1,0,1
277,0,0,1,1,0,0,0,1,0,0,0,1.2741149946359795,-0.8298028109144412,3,0,0
278,0,0,1,1,0,0,0,0,1,0,0,0.08954762099587076,-0.8165876225328753,2,1,0
279,0,1,0,0,0,1,1,0,0,0,0,-1.7267890185856294,0.3000957957094392,3,1,0
280,0,0,1,0,1,0,0,0,0,1,0,0.4844034122092404,-0.16904339183614858,3,0,1
281,0,1,0,1,0,0,0,0,1,0,0,2.2217688935480666,-0.8298028109144412,3,1,0
282,0,0,1,1,0,0,0,0,1,0,0,-0.06839469548947709,-0.8242947203970046,3,1,0
283,0,0,1,1,0,0,0,0,1,0,0,-1.0160485944015643,-0.7372964922434803,3,1,0
284,0,0,1,1,0,0,0,0,1,0,0,-0.7791351196735424,-0.8139445848565622,3,1,1
285,0,0,1,1,0,0,0,0,1,0,0,0.87925920342261,0.13490594093986602,1,1,0
286,1,0,0,1,0,0,0,0,1,0,0,0.32646109572389254,-0.7815673733217259,3,1,0
287,0,0,1,1,0,0,0,0,1,0,0,0.08954762099587076,-0.7372964922434803,3,1,1
288,0,0,1,1,0,0,0,0,1,0,0,-0.5422216449455206,-0.8220957130503119,3,1,0
289,0,0,1,1,0,0,0,0,1,0,0,1.0372015199079578,-0.5522838549015583,2,1,1
290,0,1,0,1,0,0,0,1,0,0,0,-0.5422216449455206,-0.8298028109144412,3,0,1
291,0,0,1,1,0,0,0,1,0,0,0,-0.22633701197482492,2.143614574937876,1,0,1
292,1,0,0,0,1,0,0,0,0,1,0,-0.7791351196735424,2.143614574937876,1,0,1
293,1,0,0,1,0,0,0,0,1,0,0,0.5633745704519143,-0.5588914490923412,2,1,0
294,0,0,1,1,0,0,0,1,0,0,0,-0.38427932846017276,-0.7716559820355514,3,0,0
295,0,0,1,1,0,0,0,0,1,0,0,-0.38427932846017276,-0.8220957130503119,3,1,0
296,1,0,0,1,0,0,0,0,1,0,0,0.87925920342261,0.22586872560786012,1,1,0
297,1,0,0,1,0,0,0,0,1,0,0,-0.42376490758150975,-0.8573326913509193,3,1,0
298,0,0,1,0,0,1,0,1,0,0,0,-2.121644809798999,1.5092855326227146,1,0,0
299,0,0,1,1,0,0,0,0,1,0,0,0.87925920342261,0.37277933180805134,1,1,1
300,1,0,0,0,1,0,0,0,0,1,0,1.6689707858493492,2.143614574937876,1,0,1
301,0,1,0,1,0,0,0,1,0,0,0,-0.5817072240668576,-0.8298028109144412,3,0,1
302,0,1,0,0,1,0,0,0,1,0,0,-0.30530817021749884,-0.010461131257358359,3,1,1
303,0,0,1,1,0,0,0,0,1,0,0,-0.7791351196735424,-0.8165876225328753,3,1,0
304,0,1,0,1,0,0,0,1,0,0,0,-0.06839469548947709,-0.5866433446936296,2,0,1
305,0,0,1,1,0,0,0,0,1,0,0,-0.30530817021749884,-0.8139445848565622,3,1,0
306,0,0,1,0,0,1,1,0,0,0,0,-2.2069336607010865,2.143614574937876,1,1,1
307,1,0,0,1,0,0,0,1,0,0,0,0.4844034122092404,2.143614574937876,1,0,1
308,1,0,0,0,1,0,0,0,0,1,0,-0.9370774361588903,2.143614574937876,1,0,1
309,1,0,0,0,1,0,0,0,1,0,0,0.08954762099587076,0.029184433887339198,2,1,0
310,1,0,0,1,0,0,0,1,0,0,0,0.08954762099587076,1.769846758904372,1,0,1
311,1,0,0,1,0,0,0,1,0,0,0,-0.38427932846017276,2.143614574937876,1,0,1
312,1,0,0,0,0,1,0,1,0,0,0,-0.8581062779162163,2.143614574937876,1,0,1
313,0,0,1,0,1,0,0,0,0,1,0,-0.22633701197482492,0.13490594093986602,2,0,0
314,0,0,1,1,0,0,0,0,1,0,0,-0.06839469548947709,-0.8220957130503119,3,1,0
315,0,0,1,0,1,0,0,0,1,0,0,1.1161726781506318,0.14812112932143187,2,1,0
316,0,0,1,1,0,0,0,1,0,0,0,-0.22633701197482492,-0.8242947203970046,3,0,1
317,0,0,1,0,1,0,0,0,0,1,0,-0.38427932846017276,0.13490594093986602,2,0,1
318,0,0,1,1,0,0,0,0,0,0,1,1.984855418820045,-0.4994231013752949,2,1,0
319,0,0,1,0,1,0,0,1,0,0,0,0.1685187792385447,2.143614574937876,1,0,1
320,1,0,0,0,1,0,0,0,0,1,0,0.87925920342261,2.143614574937876,1,0,1
321,0,0,1,1,0,0,0,0,1,0,0,-0.5422216449455206,-0.856233187677573,3,1,0
322,0,0,1,1,0,0,0,0,1,0,0,-0.147365853732151,-0.8220957130503119,3,1,0
323,0,1,0,1,0,0,0,1,0,0,0,0.08954762099587076,-0.5866433446936296,2,0,1
324,0,0,1,0,1,0,0,0,0,1,0,-0.5422216449455206,0.29348820151865623,2,0,1
325,0,0,1,0,0,1,0,0,1,0,0,-0.30530817021749884,1.5092855326227146,3,1,0
326,1,0,0,1,0,0,0,1,0,0,0,0.5633745704519143,2.143614574937876,1,0,1
327,0,0,1,1,0,0,0,0,1,0,0,2.2217688935480666,-0.8165876225328753,3,1,0
328,0,0,1,1,0,0,0,0,0,1,0,0.5633745704519143,-0.5522838549015583,2,0,1
329,0,0,1,0,1,0,0,0,0,1,0,0.1685187792385447,-0.15450668461642622,3,0,1
330,1,0,0,0,1,0,0,1,0,0,0,-1.0160485944015643,1.8253505501069485,1,0,1
331,0,1,0,0,1,0,0,1,0,0,0,-0.5817072240668576,-0.010461131257358359,3,0,1
332,0,0,1,1,0,0,0,0,1,0,0,1.3136005737573166,0.26705782475552453,1,1,0
333,0,0,1,0,1,0,0,0,1,0,0,0.7213168869372621,1.5092855326227146,1,1,0
334,0,0,1,0,1,0,0,0,1,0,0,-1.0160485944015643,-0.28798008727024127,3,1,0
335,0,0,1,0,1,0,0,0,0,1,0,0.4844034122092404,2.143614574937876,1,0,1
336,0,0,1,1,0,0,0,0,1,0,0,-0.30530817021749884,-0.8220957130503119,3,1,0
337,0,0,1,0,1,0,0,0,1,0,0,0.010576462753196838,1.5092855326227146,1,1,0
338,1,0,0,1,0,0,0,1,0,0,0,0.9582303616652839,2.143614574937876,1,0,1
339,0,0,1,1,0,0,0,0,1,0,0,1.2741149946359795,-0.8139445848565622,3,1,1
340,0,0,1,1,0,0,0,0,1,0,0,1.2741149946359795,0.6370830994393684,1,1,0
341,0,0,1,0,1,0,1,0,0,0,0,-2.121644809798999,0.13490594093986602,2,1,1
342,0,0,1,0,0,1,0,1,0,0,0,-0.38427932846017276,2.143614574937876,1,0,1
343,0,0,1,1,0,0,0,0,1,0,0,-0.06839469548947709,-0.5522838549015583,2,1,0
344,0,0,1,1,0,0,0,0,1,0,0,-0.30530817021749884,-0.5522838549015583,2,1,0
345,0,0,1,1,0,0,0,0,1,0,0,0.5633745704519143,-0.5522838549015583,2,1,0
346,0,0,1,1,0,0,0,1,0,0,0,-0.38427932846017276,-0.5522838549015583,2,0,1
347,0,0,1,1,0,0,0,1,0,0,0,0.87925920342261,-0.5522838549015583,2,0,1
348,0,0,1,0,1,0,0,0,0,1,0,-0.5817072240668576,-0.38841551897014165,3,0,1
349,0,0,1,0,1,0,1,0,0,0,0,-2.042673651556325,-0.3989876696753944,3,1,1
350,0,0,1,1,0,0,0,0,1,0,0,1.0372015199079578,-0.7815673733217259,3,1,0
351,0,0,1,1,0,0,0,0,1,0,0,-0.4632504867028467,-0.7518331994632027,3,1,0
352,0,0,1,1,0,0,0,0,1,0,0,0.87925920342261,0.6106527226762367,1,1,0
353,1,0,0,0,1,0,0,0,1,0,0,-1.095019752644238,-0.8573326913509193,3,1,0
354,0,0,1,0,1,0,0,0,1,0,0,-0.30530817021749884,-0.2985522379754939,3,1,0
355,1,0,0,1,0,0,0,0,1,0,0,-0.30530817021749884,-0.8575547065157296,3,1,0
356,0,0,1,1,0,0,0,0,1,0,0,-0.06839469548947709,-0.7372964922434803,3,1,0
357,0,0,1,0,1,0,0,1,0,0,0,-0.5422216449455206,1.667867793201505,1,0,1
358,0,0,1,1,0,0,0,1,0,0,0,0.7213168869372621,-0.5522838549015583,2,0,0
359,0,1,0,1,0,0,0,1,0,0,0,-0.5817072240668576,-0.8229732015588479,3,0,1
360,0,1,0,1,0,0,0,1,0,0,0,-0.5817072240668576,-0.8229732015588479,3,0,1
361,0,0,1,0,0,1,0,0,1,0,0,0.87925920342261,0.23534137263976643,3,1,0
362,1,0,0,0,1,0,0,0,1,0,0,0.010576462753196838,0.22586872560786012,2,1,0
363,1,0,0,0,1,0,0,0,0,1,0,1.2741149946359795,-0.475413747123666,3,0,0
364,0,0,1,1,0,0,0,0,1,0,0,0.4844034122092404,-0.8165876225328753,3,1,0
365,0,1,0,0,1,0,0,0,1,0,0,-0.30530817021749884,-0.4201319710858998,3,1,0
366,0,0,1,1,0,0,0,0,1,0,0,0.08954762099587076,-0.856233187677573,3,1,0
367,1,0,0,0,1,0,0,0,0,1,0,2.2217688935480666,2.143614574937876,1,0,1
368,1,0,0,1,0,0,0,0,0,1,0,-0.5817072240668576,-0.8573326913509193,3,0,1
369,0,1,0,1,0,0,0,1,0,0,0,-0.5817072240668576,-0.8298028109144412,3,0,1
370,1,0,0,1,0,0,0,0,0,0,1,-0.38427932846017276,2.143614574937876,1,0,1
371,1,0,0,0,1,0,0,0,1,0,0,-0.30530817021749884,1.6912163880340552,1,1,1
372,0,0,1,0,1,0,0,0,1,0,0,-0.8581062779162163,-0.8165876225328753,3,1,0
373,0,0,1,1,0,0,0,0,1,0,0,-0.7791351196735424,-0.8139445848565622,3,1,0
374,1,0,0,1,0,0,0,0,1,0,0,-0.5422216449455206,1.5092855326227146,1,1,0
375,0,0,1,0,0,1,0,1,0,0,0,-2.042673651556325,-0.1254332701769813,3,0,0
376,1,0,0,0,1,0,0,0,0,1,0,0.4844034122092404,2.143614574937876,1,0,1
377,0,0,1,1,0,0,0,1,0,0,0,-0.5422216449455206,-0.856233187677573,3,0,1
378,1,0,0,0,1,0,0,0,1,0,0,-0.147365853732151,1.5092855326227146,1,1,0
379,1,0,0,1,0,0,0,0,1,0,0,-0.7001639614308685,-0.8165876225328753,3,1,0
380,0,0,1,1,0,0,0,0,1,0,0,-0.7791351196735424,-0.8284812920762846,3,1,0
381,1,0,0,1,0,0,0,1,0,0,0,1.0372015199079578,2.143614574937876,1,0,1
382,1,0,0,0,1,0,0,1,0,0,0,-2.200615968041673,-0.40735552695860194,3,0,1
383,0,0,1,1,0,0,0,0,1,0,0,0.2474899374812186,-0.820552179047345,3,1,0
384,0,0,1,0,1,0,0,0,0,1,0,0.4844034122092404,1.5092855326227146,1,0,1
385,0,0,1,1,0,0,0,0,1,0,0,-0.30530817021749884,-0.8220957130503119,3,1,0
386,0,0,1,1,0,0,0,0,1,0,0,-0.8581062779162163,1.5092855326227146,2,1,0
387,0,0,1,0,0,1,1,0,0,0,0,-2.200615968041673,1.2396956896387712,3,1,0
388,0,0,1,1,0,0,0,1,0,0,0,0.5633745704519143,-0.5522838549015583,2,0,1
389,0,1,0,1,0,0,0,0,1,0,0,-0.30530817021749884,-0.8309023145877875,3,1,0
390,1,0,0,1,0,0,0,1,0,0,0,-0.9370774361588903,-0.6051446084278217,2,0,1
391,0,0,1,0,0,1,0,0,1,0,0,0.5633745704519143,2.143614574937876,1,1,1
392,0,0,1,1,0,0,0,0,1,0,0,-0.6211928031881946,-0.8273817884029383,3,1,1
393,0,0,1,0,1,0,0,0,1,0,0,-0.06839469548947709,-0.820552179047345,3,1,0
394,1,0,0,0,1,0,0,1,0,0,0,-0.4632504867028467,2.143614574937876,1,0,1
395,0,0,1,0,1,0,0,0,0,1,0,-0.38427932846017276,-0.35669906685438374,3,0,1
396,0,0,1,1,0,0,0,0,1,0,0,-0.5422216449455206,-0.8273817884029383,3,1,0
397,0,0,1,1,0,0,0,1,0,0,0,0.1685187792385447,-0.8242947203970046,3,0,0
398,0,0,1,1,0,0,0,0,1,0,0,1.3530861528786535,0.13490594093986602,2,1,0
399,0,0,1,1,0,0,0,0,0,0,1,-0.4632504867028467,-0.6844357387172169,2,1,0
400,0,0,1,1,0,0,0,0,0,1,0,-0.06839469548947709,-0.5707851186357504,2,0,1
401,0,0,1,1,0,0,0,0,1,0,0,0.800288045179936,-0.820552179047345,3,1,1
402,0,0,1,1,0,0,0,0,1,0,0,-0.22633701197482492,-0.8139445848565622,3,1,0
403,0,0,1,0,1,0,0,1,0,0,0,-0.6211928031881946,-0.7201167473474447,3,0,0
404,0,0,1,0,1,0,0,0,1,0,0,-0.06839469548947709,-0.4016307073517076,3,1,0
405,0,0,1,1,0,0,0,1,0,0,0,-0.7001639614308685,-0.7815673733217259,3,0,0
406,0,0,1,0,1,0,0,0,1,0,0,0.40543225396656646,-0.12939782669145103,2,1,0
407,0,0,1,1,0,0,0,0,1,0,0,1.7479419440920232,-0.8298028109144412,3,1,0
408,0,0,1,0,1,0,1,0,0,0,0,-2.042673651556325,-0.2483345221255437,2,1,1
409,0,0,1,1,0,0,0,0,1,0,0,-0.6211928031881946,-0.8284812920762846,3,1,0
410,0,0,1,0,0,1,0,1,0,0,0,-0.5817072240668576,0.10671530108430971,3,0,0
411,0,0,1,1,0,0,0,0,1,0,0,-0.30530817021749884,-0.8220957130503119,3,1,0
412,0,1,0,1,0,0,0,0,1,0,0,-0.30530817021749884,-0.8165876225328753,3,1,0
413,0,1,0,0,1,0,0,1,0,0,0,0.32646109572389254,2.143614574937876,1,0,1
414,0,0,1,1,0,0,0,0,1,0,0,0.08954762099587076,-0.8165876225328753,2,1,0
415,0,0,1,1,0,0,0,0,1,0,0,1.1951438363933056,-0.820552179047345,3,1,1
416,0,0,1,1,0,0,0,0,0,1,0,-0.5817072240668576,-0.8139445848565622,3,0,0
417,0,0,1,0,1,0,0,0,0,1,0,0.40543225396656646,0.47850083886057815,2,0,1
418,0,0,1,0,1,0,0,1,0,0,0,-0.8581062779162163,-0.5522838549015583,2,0,1
419,0,0,1,1,0,0,0,0,1,0,0,0.08954762099587076,-0.5522838549015583,2,1,0
420,0,0,1,0,1,0,0,1,0,0,0,-1.4898755438576077,0.037113546916278634,3,0,0
421,1,0,0,1,0,0,0,0,1,0,0,-0.30530817021749884,-0.8220957130503119,3,1,0
422,0,1,0,1,0,0,0,0,1,0,0,-0.6211928031881946,-0.8306855854983298,3,1,0
423,0,0,1,1,0,0,0,0,1,0,0,0.010576462753196838,-0.8231952167236583,3,1,0
424,0,0,1,0,1,0,0,0,0,1,0,-0.06839469548947709,-0.4782787999647895,3,0,0
425,0,0,1,0,1,0,0,0,1,0,0,-0.8581062779162163,-0.17102567009338354,3,1,0
426,0,0,1,1,0,0,0,0,1,0,0,-0.30530817021749884,-0.856233187677573,3,1,0
427,0,0,1,0,1,0,0,0,0,1,0,-0.06839469548947709,0.13490594093986602,2,0,1
428,0,0,1,1,0,0,0,1,0,0,0,-0.7791351196735424,0.13490594093986602,2,0,1
429,0,1,0,1,0,0,0,0,1,0,0,-0.30530817021749884,-0.8298028109144412,3,1,0
430,0,0,1,1,0,0,0,0,1,0,0,0.2474899374812186,-0.8139445848565622,3,1,1
431,0,0,1,1,0,0,0,0,1,0,0,-0.06839469548947709,0.16397935537931094,1,1,1
432,0,0,1,0,1,0,0,0,0,1,0,-0.5817072240668576,-0.38841551897014165,3,0,1
433,0,0,1,0,1,0,0,0,0,1,0,1.0372015199079578,0.13490594093986602,2,0,1
434,0,0,1,1,0,0,0,0,1,0,0,-0.9370774361588903,-0.8165876225328753,3,1,0
435,0,0,1,0,1,0,0,0,1,0,0,1.6689707858493492,1.5092855326227146,1,1,0
436,0,0,1,0,0,1,0,1,0,0,0,-1.173990910886912,2.143614574937876,1,0,1
437,0,0,1,0,0,1,0,1,0,0,0,-0.6211928031881946,0.577614751722322,3,0,0
438,0,0,1,0,0,1,0,0,0,1,0,-0.38427932846017276,-0.2483345221255437,2,0,1
439,0,0,1,0,0,1,0,0,1,0,0,2.2217688935480666,1.5092855326227146,1,1,0
440,0,0,1,1,0,0,0,0,1,0,0,0.1685187792385447,-0.6844357387172169,2,1,0
441,0,0,1,0,1,0,0,0,0,1,0,1.2741149946359795,0.14812112932143187,2,0,1
442,0,0,1,1,0,0,0,0,1,0,0,-0.7001639614308685,-0.7372964922434803,3,1,0
443,0,0,1,0,1,0,0,0,1,0,0,-0.30530817021749884,-0.8284812920762846,3,1,0
444,0,0,1,1,0,0,0,1,0,0,0,-0.06839469548947709,-0.5522838549015583,2,0,1
445,0,0,1,1,0,0,0,0,1,0,0,-0.30530817021749884,-0.8106407877611707,3,1,1
446,0,0,1,0,1,0,1,0,0,0,0,-1.963702493313651,2.143614574937876,1,1,1
447,0,0,1,0,1,0,0,1,0,0,0,-1.252962069129586,-0.20868895698084614,2,0,1
448,0,0,1,1,0,0,0,0,1,0,0,0.40543225396656646,0.16397935537931094,1,1,1
449,1,0,0,0,0,1,0,1,0,0,0,-1.8847313350709773,-0.22146540110814408,3,0,1
450,0,0,1,1,0,0,0,0,0,0,1,1.826913102334697,0.37277933180805134,1,1,1
451,0,0,1,0,0,1,0,0,1,0,0,0.5633745704519143,0.22741225961082698,2,1,0
452,0,0,1,0,1,0,0,0,1,0,0,-0.30530817021749884,-0.18401884331013904,3,1,0
453,1,0,0,1,0,0,0,0,1,0,0,0.08954762099587076,0.22741225961082698,1,1,0
454,1,0,0,0,1,0,0,0,1,0,0,1.5899996276066752,2.143614574937876,1,1,1
455,0,0,1,1,0,0,0,0,1,0,0,-0.30530817021749884,-0.8139445848565622,3,1,0
456,1,0,0,1,0,0,0,0,1,0,0,0.010576462753196838,-0.8220957130503119,3,1,1
457,0,0,1,1,0,0,0,0,1,0,0,2.2217688935480666,0.16397935537931094,1,1,0
458,0,0,1,0,1,0,0,0,0,1,0,0.4844034122092404,1.5020171790128534,1,0,1
459,0,0,1,1,0,0,0,1,0,0,0,1.6689707858493492,-0.6844357387172169,2,0,1
460,0,1,0,1,0,0,0,0,1,0,0,-0.30530817021749884,-0.8298028109144412,3,1,0
461,0,0,1,1,0,0,0,0,1,0,0,1.5110284693640013,0.16397935537931094,1,1,1
462,0,0,1,1,0,0,0,0,1,0,0,0.40543225396656646,-0.8139445848565622,3,1,0
463,0,0,1,1,0,0,0,0,1,0,0,1.4320573111213275,0.7956653600181586,1,1,0
464,0,0,1,1,0,0,0,0,1,0,0,1.5110284693640013,-0.5522838549015583,2,1,0
465,0,0,1,1,0,0,0,0,1,0,0,-0.30530817021749884,-0.8139445848565622,3,1,0
466,0,0,1,1,0,0,0,0,1,0,0,0.7213168869372621,-0.8165876225328753,3,1,0
467,0,0,1,1,0,0,0,0,1,0,0,0.08954762099587076,-0.8165876225328753,2,1,0
468,0,0,1,1,0,0,0,0,1,0,0,2.142797735305393,0.16397935537931094,1,1,0
469,0,1,0,1,0,0,0,0,1,0,0,-0.30530817021749884,-0.8311243297525978,3,1,0
470,1,0,0,0,0,1,0,1,0,0,0,-2.2203587576023414,-0.22146540110814408,3,0,1
471,0,0,1,1,0,0,0,0,1,0,0,-0.30530817021749884,-0.856233187677573,3,1,0
472,0,0,1,1,0,0,0,0,1,0,0,0.7213168869372621,-0.7815673733217259,3,1,0
473,0,0,1,0,0,1,0,0,0,1,0,0.32646109572389254,0.22741225961082698,2,0,1
474,1,0,0,1,0,0,0,0,0,1,0,-0.4632504867028467,-0.5104339963348156,2,0,1
475,0,0,1,1,0,0,0,1,0,0,0,-0.5422216449455206,-0.7194559879283663,3,0,0
476,0,0,1,1,0,0,0,0,1,0,0,0.87925920342261,1.5092855326227146,1,1,0
477,0,0,1,0,1,0,0,0,1,0,0,0.40543225396656646,-0.12939782669145103,2,1,0
478,0,0,1,0,1,0,0,0,1,0,0,0.010576462753196838,-0.8165876225328753,3,1,0
479,0,0,1,1,0,0,0,0,1,0,0,-0.5422216449455206,-0.8419184956226607,3,1,0
480,0,0,1,0,1,0,0,1,0,0,0,-2.121644809798999,-0.589947141789021,3,0,1
481,0,0,1,0,0,1,1,0,0,0,0,-1.5688467021002817,1.2396956896387712,3,1,0
482,0,0,1,1,0,0,0,0,1,0,0,0.08954762099587076,-0.8165876225328753,2,1,0
483,0,0,1,1,0,0,0,0,1,0,0,1.6689707858493492,-0.8139445848565622,3,1,0
484,0,0,1,1,0,0,0,0,0,1,0,2.2217688935480666,-0.7326711763099322,3,0,1
485,1,0,0,0,1,0,0,0,1,0,0,-0.30530817021749884,2.143614574937876,1,1,1
486,0,0,1,0,0,1,0,1,0,0,0,-0.5817072240668576,0.10671530108430971,3,0,0
487,0,0,1,0,1,0,0,0,0,1,0,0.4844034122092404,2.143614574937876,1,0,1
488,1,0,0,1,0,0,0,0,1,0,0,2.2217688935480666,0.33049072898704057,1,1,0
489,0,0,1,1,0,0,0,0,1,0,0,0.08954762099587076,-0.8139445848565622,3,1,0
490,0,0,1,0,1,0,1,0,0,0,0,-1.5688467021002817,-0.3989876696753944,3,1,1
491,0,0,1,0,1,0,0,0,1,0,0,-0.30530817021749884,-0.18401884331013904,3,1,0
492,0,0,1,1,0,0,0,0,1,0,0,-0.6211928031881946,-0.856233187677573,3,1,0
493,0,0,1,1,0,0,0,0,1,0,0,2.0638265770627187,0.37277933180805134,1,1,0
494,1,0,0,1,0,0,0,0,1,0,0,2.2217688935480666,1.3773556639718663,1,1,0
495,0,0,1,1,0,0,0,0,1,0,0,-0.6211928031881946,-0.8139445848565622,3,1,0
496,1,0,0,1,0,0,0,0,1,0,0,-0.30530817021749884,-0.4751970180342084,3,1,0
497,1,0,0,0,1,0,0,1,0,0,0,1.984855418820045,2.143614574937876,1,0,1
498,0,0,1,1,0,0,0,0,1,0,0,-0.30530817021749884,-0.44127627249640516,3,1,0
499,0,0,1,0,0,1,0,0,0,1,0,-0.30530817021749884,1.5092855326227146,1,0,0
500,0,0,1,1,0,0,0,0,1,0,0,-0.38427932846017276,-0.8273817884029383,3,1,0
501,0,0,1,1,0,0,0,0,1,0,0,-0.9370774361588903,-0.7815673733217259,3,1,0
502,0,1,0,1,0,0,0,1,0,0,0,-0.6211928031881946,-0.8298028109144412,3,0,0
503,0,1,0,1,0,0,0,1,0,0,0,-0.5817072240668576,-0.8361883899404138,3,0,0
504,0,0,1,1,0,0,0,1,0,0,0,0.6423457286945882,-0.7326711763099322,3,0,0
505,0,0,1,1,0,0,0,1,0,0,0,-1.0160485944015643,2.143614574937876,1,0,1
506,1,0,0,0,1,0,0,0,1,0,0,-0.8581062779162163,1.5092855326227146,1,1,0
507,0,0,1,0,1,0,0,0,0,1,0,0.32646109572389254,0.13490594093986602,2,0,1
508,0,0,1,1,0,0,0,0,1,0,0,0.87925920342261,0.16397935537931094,1,1,1
509,0,0,1,1,0,0,0,0,1,0,0,-0.06839469548947709,-0.048785177563899405,3,1,0
510,0,0,1,1,0,0,0,0,1,0,0,-0.22633701197482492,1.74693690832609,3,1,1
511,0,1,0,1,0,0,0,0,1,0,0,0.010576462753196838,-0.8298028109144412,3,1,1
512,0,0,1,1,0,0,0,0,1,0,0,-0.30530817021749884,-0.8139445848565622,3,1,0
513,0,0,1,1,0,0,0,0,1,0,0,0.5633745704519143,0.15010340757866683,1,1,1
514,1,0,0,0,1,0,0,0,0,1,0,1.984855418820045,1.9004551087170636,1,0,1
515,0,0,1,1,0,0,0,0,1,0,0,-0.38427932846017276,-0.8432400144608174,3,1,0
516,0,0,1,1,0,0,0,0,1,0,0,1.4320573111213275,0.5588914728233196,1,1,0
517,0,0,1,1,0,0,0,0,0,1,0,0.40543225396656646,-0.6844357387172169,2,0,1
518,0,1,0,1,0,0,0,0,1,0,0,-0.30530817021749884,0.037113546916278634,3,1,0
519,0,0,1,0,1,0,0,0,0,1,0,0.5633745704519143,0.13490594093986602,2,0,1
520,0,0,1,1,0,0,0,0,1,0,0,0.2474899374812186,-0.8220957130503119,3,1,0
521,0,0,1,1,0,0,0,1,0,0,0,0.08954762099587076,2.143614574937876,1,0,1
522,0,0,1,1,0,0,0,0,1,0,0,-0.5422216449455206,-0.8220957130503119,3,1,0
523,1,0,0,1,0,0,0,0,1,0,0,-0.30530817021749884,-0.8575547065157296,3,1,0
524,1,0,0,0,1,0,0,0,0,1,0,1.1951438363933056,1.8253505501069485,1,0,1
525,1,0,0,1,0,0,0,0,1,0,0,-0.30530817021749884,-0.8573326913509193,3,1,0
526,0,1,0,1,0,0,0,0,1,0,0,0.918744782543947,-0.8298028109144412,3,1,0
527,0,0,1,1,0,0,0,1,0,0,0,1.6689707858493492,-0.6844357387172169,2,0,1
528,0,0,1,1,0,0,0,0,1,0,0,0.87925920342261,1.5092855326227146,1,1,0
529,0,0,1,1,0,0,0,0,1,0,0,0.800288045179936,-0.820552179047345,3,1,0
530,0,0,1,0,0,1,0,0,1,0,0,-0.4632504867028467,-0.6315749851909535,2,1,0
531,0,0,1,0,1,0,0,1,0,0,0,-2.121644809798999,0.13490594093986602,2,0,1
532,1,0,0,1,0,0,0,0,1,0,0,-0.30530817021749884,-0.8573326913509193,3,1,0
533,1,0,0,0,1,0,0,0,1,0,0,-0.9370774361588903,-0.8573326913509193,3,1,0
534,1,0,0,0,1,0,0,0,0,1,0,-0.5817072240668576,-0.05759706517672745,3,0,1
535,0,0,1,1,0,0,0,1,0,0,0,0.08954762099587076,-0.7815673733217259,3,0,0
536,0,0,1,0,1,0,0,1,0,0,0,-1.7267890185856294,0.14812112932143187,2,0,1
537,0,0,1,1,0,0,0,0,0,0,1,1.2741149946359795,0.16397935537931094,1,1,0
538,1,0,0,1,0,0,0,1,0,0,0,0.08954762099587076,2.143614574937876,1,0,1
539,0,0,1,1,0,0,0,0,1,0,0,-0.30530817021749884,-0.4729927246121632,3,1,0
540,1,0,0,0,1,0,0,1,0,0,0,-0.5422216449455206,1.377133648807056,1,0,1
541,0,0,1,0,1,0,0,1,0,0,0,0.5633745704519143,2.143614574937876,1,0,1
542,0,0,1,0,0,1,0,1,0,0,0,-1.5688467021002817,0.41374641579090543,3,0,0
543,0,0,1,0,0,1,0,1,0,0,0,-1.4109043856149337,0.41374641579090543,3,0,0
544,0,0,1,0,1,0,0,0,1,0,0,0.2474899374812186,0.13490594093986602,2,1,1
545,1,0,0,0,1,0,0,0,1,0,0,1.6689707858493492,1.5092855326227146,1,1,0
546,0,0,1,1,0,0,0,0,1,0,0,2.2217688935480666,0.13490594093986602,1,1,0
547,0,0,1,0,1,0,0,0,0,1,0,-0.7791351196735424,0.13490594093986602,2,0,1
548,1,0,0,1,0,0,0,0,1,0,0,0.08954762099587076,-0.5066914549851561,2,1,1
549,0,0,1,0,1,0,0,0,1,0,0,0.32646109572389254,-0.15450668461642622,3,1,0
550,0,0,1,0,1,0,1,0,0,0,0,-1.6478178603429554,0.7031590413471976,2,1,1
551,1,0,0,0,1,0,0,0,1,0,0,-0.9370774361588903,2.143614574937876,1,1,1
552,0,0,1,1,0,0,0,0,1,0,0,-0.147365853732151,0.13490594093986602,2,1,0
553,0,1,0,1,0,0,0,0,1,0,0,-0.30530817021749884,-0.8256162392351611,3,1,0
554,1,0,0,1,0,0,0,0,1,0,0,-0.5422216449455206,-0.8575547065157296,3,1,1
555,0,0,1,1,0,0,0,1,0,0,0,-0.5422216449455206,-0.8284812920762846,3,0,1
556,0,0,1,1,0,0,0,0,1,0,0,2.2217688935480666,0.16397935537931094,1,1,0
557,1,0,0,0,1,0,0,0,0,0,1,1.5110284693640013,0.8538121888970485,1,0,1
558,1,0,0,1,0,0,0,0,1,0,0,0.87925920342261,1.5092855326227146,1,1,0
559,0,0,1,0,1,0,0,0,0,1,0,0.800288045179936,2.143614574937876,1,0,1
560,0,0,1,0,1,0,0,0,0,1,0,0.5633745704519143,-0.3196965393859994,3,0,1
561,0,1,0,1,0,0,0,0,1,0,0,-0.30530817021749884,-0.8298028109144412,3,1,0
562,0,0,1,1,0,0,0,0,1,0,0,0.87925920342261,-0.8220957130503119,3,1,0
563,0,0,1,1,0,0,0,0,1,0,0,-0.06839469548947709,-0.5258534781384266,2,1,0
564,0,0,1,1,0,0,0,0,1,0,0,-0.30530817021749884,-0.8139445848565622,3,1,0
565,0,0,1,1,0,0,0,1,0,0,0,-0.5817072240668576,-0.8139445848565622,3,0,0
566,0,0,1,0,1,0,0,0,1,0,0,-0.38427932846017276,0.037113546916278634,3,1,0
567,0,0,1,1,0,0,0,0,1,0,0,-0.7791351196735424,-0.8220957130503119,3,1,0
568,0,0,1,0,0,1,0,0,0,1,0,0.010576462753196838,-0.1254332701769813,3,0,0
569,1,0,0,1,0,0,0,0,1,0,0,-0.30530817021749884,-0.8573326913509193,3,1,0
570,0,0,1,1,0,0,0,0,1,0,0,0.2474899374812186,-0.8242947203970046,3,1,1
571,0,0,1,1,0,0,0,0,1,0,0,2.2217688935480666,-0.6844357387172169,2,1,1
572,0,0,1,0,1,0,0,0,0,1,0,1.905884260577371,1.4817556521862365,1,0,1
573,0,0,1,1,0,0,0,0,1,0,0,0.5633745704519143,0.15538948293129304,1,1,1
574,0,1,0,1,0,0,0,1,0,0,0,-0.5817072240668576,-0.8298028109144412,3,0,1
575,0,0,1,1,0,0,0,0,1,0,0,-1.0160485944015643,-0.8139445848565622,3,1,0
576,0,0,1,1,0,0,0,0,1,0,0,-0.7791351196735424,-0.4729927246121632,3,1,0
577,0,0,1,1,0,0,0,1,0,0,0,0.40543225396656646,-0.5522838549015583,2,0,1
578,0,0,1,0,1,0,0,0,0,1,0,0.800288045179936,1.7154424713751417,1,0,1
579,1,0,0,0,1,0,0,0,0,1,0,-0.5817072240668576,-0.4751970180342084,3,0,0
580,0,0,1,1,0,0,0,0,1,0,0,0.2474899374812186,-0.820552179047345,3,1,1
581,0,0,1,0,1,0,0,1,0,0,0,-0.30530817021749884,0.34634895504491964,2,0,1
582,1,0,0,0,1,0,0,0,0,1,0,0.800288045179936,2.143614574937876,1,0,1
583,0,0,1,1,0,0,0,0,1,0,0,1.984855418820045,0.13490594093986602,2,1,0
584,1,0,0,1,0,0,0,0,1,0,0,0.5633745704519143,0.8815640844983367,1,1,0
585,1,0,0,1,0,0,0,0,1,0,0,-0.30530817021749884,-0.7789243356454126,3,1,0
586,0,0,1,0,1,0,0,1,0,0,0,-0.8581062779162163,2.143614574937876,1,0,1
587,0,0,1,1,0,0,0,0,1,0,0,1.4320573111213275,-0.4465623478490315,2,1,0
588,1,0,0,0,1,0,0,0,1,0,0,2.2217688935480666,2.143614574937876,1,1,1
589,0,0,1,1,0,0,0,0,1,0,0,-0.5422216449455206,-0.8139445848565622,3,1,0
590,0,0,1,1,0,0,0,0,1,0,0,-0.30530817021749884,-0.8139445848565622,3,1,0
591,0,0,1,1,0,0,0,0,1,0,0,0.4844034122092404,-0.8165876225328753,3,1,0
592,1,0,0,0,1,0,0,0,0,1,0,1.826913102334697,2.143614574937876,1,0,1
593,0,0,1,1,0,0,0,0,1,0,0,1.4320573111213275,-0.856233187677573,3,1,0
594,0,1,0,0,1,0,0,1,0,0,0,-0.5817072240668576,-0.8298028109144412,3,0,0
595,0,0,1,0,1,0,0,0,1,0,0,0.6423457286945882,0.13490594093986602,2,1,0
596,0,0,1,0,1,0,0,0,1,0,0,0.5633745704519143,0.037113546916278634,3,1,0
597,0,0,1,1,0,0,0,1,0,0,0,-0.06839469548947709,0.5049312156237099,2,0,1
598,0,0,1,1,0,0,0,0,1,0,0,1.5899996276066752,-0.8165876225328753,3,1,0
599,1,0,0,1,0,0,0,0,1,0,0,-0.30530817021749884,-0.8575547065157296,3,1,0
600,1,0,0,0,1,0,0,0,0,0,1,1.5899996276066752,1.769846758904372,1,1,1
601,0,0,1,0,0,1,0,0,0,1,0,-0.38427932846017276,0.18776669446612942,2,0,1
602,0,0,1,1,0,0,0,0,1,0,0,-0.30530817021749884,-0.8220957130503119,3,1,0
603,0,0,1,1,0,0,0,0,1,0,0,0.87925920342261,1.0018222987705858,1,1,0
604,0,0,1,1,0,0,0,0,1,0,0,1.1951438363933056,-0.8139445848565622,3,1,0
605,1,0,0,1,0,0,0,0,1,0,0,0.4844034122092404,0.16397935537931094,1,1,1
606,0,0,1,0,1,0,0,0,1,0,0,0.5633745704519143,-0.4174889334095866,3,1,0
607,0,0,1,1,0,0,0,0,1,0,0,0.08954762099587076,-0.8220957130503119,3,1,0
608,0,0,1,1,0,0,0,0,1,0,0,-0.147365853732151,0.37277933180805134,1,1,1
609,1,0,0,0,0,1,0,0,0,1,0,-0.5422216449455206,0.958434192276229,2,0,1
610,0,0,1,1,0,0,0,1,0,0,0,0.87925920342261,2.143614574937876,1,0,1
611,0,0,1,0,0,1,0,0,0,1,0,0.800288045179936,0.41374641579090543,3,0,0
612,0,0,1,1,0,0,0,0,1,0,0,-0.30530817021749884,-0.8165876225328753,3,1,0
613,0,1,0,0,1,0,0,1,0,0,0,-0.5817072240668576,-0.4201319710858998,3,0,1
614,0,1,0,1,0,0,0,0,1,0,0,-0.30530817021749884,-0.8298028109144412,3,1,0
615,0,0,1,1,0,0,0,0,1,0,0,0.4844034122092404,-0.8139445848565622,3,1,0
616,0,0,1,0,0,1,0,1,0,0,0,-0.38427932846017276,2.143614574937876,2,0,1
617,0,0,1,0,1,0,0,0,1,0,0,0.40543225396656646,-0.4782787999647895,3,1,0
618,0,0,1,0,1,0,0,0,0,1,0,-0.22633701197482492,-0.38841551897014165,3,0,0
619,0,0,1,0,0,1,0,1,0,0,0,-1.963702493313651,0.8220957367812903,2,0,1
620,0,0,1,1,0,0,0,0,1,0,0,-0.22633701197482492,-0.6844357387172169,2,1,0
621,1,0,0,0,1,0,0,0,1,0,0,-0.147365853732151,-0.475413747123666,3,1,0
622,0,0,1,0,1,0,0,0,1,0,0,1.0372015199079578,1.53858096222697,1,1,1
623,1,0,0,0,1,0,0,0,1,0,0,-0.7001639614308685,-0.40735552695860194,3,1,1
624,0,0,1,1,0,0,0,0,1,0,0,-0.6211928031881946,-0.8242947203970046,3,1,0
625,0,0,1,1,0,0,0,0,1,0,0,-0.6211928031881946,-0.38841551897014165,3,1,0
626,0,0,1,1,0,0,0,0,1,0,0,2.2217688935480666,0.46902819182867167,1,1,0
627,0,1,0,1,0,0,0,0,0,0,1,2.2217688935480666,-0.5866433446936296,2,1,0
628,0,0,1,1,0,0,0,1,0,0,0,-0.6211928031881946,2.143614574937876,1,0,1
629,0,0,1,1,0,0,0,0,1,0,0,-0.22633701197482492,-0.8220957130503119,3,1,0
630,0,1,0,1,0,0,0,0,1,0,0,-0.30530817021749884,-0.8306855854983298,3,1,0
631,0,0,1,1,0,0,0,0,1,0,0,2.2217688935480666,0.34634895504491964,1,1,1
632,0,0,1,1,0,0,0,0,1,0,0,1.7479419440920232,-0.8165876225328753,3,1,0
633,1,0,0,1,0,0,0,0,0,0,1,0.2474899374812186,0.37277933180805134,1,1,1
634,0,0,1,1,0,0,0,0,1,0,0,0.87925920342261,-0.8165876225328753,1,1,0
635,0,0,1,0,0,1,0,1,0,0,0,-1.5688467021002817,0.23534137263976643,3,0,0
636,0,0,1,1,0,0,0,1,0,0,0,-0.06839469548947709,-0.5522838549015583,2,0,1
637,0,0,1,1,0,0,0,0,1,0,0,0.2474899374812186,-0.820552179047345,3,1,0
638,0,0,1,0,1,0,0,0,1,0,0,0.1685187792385447,0.14812112932143187,2,1,0
639,0,0,1,0,0,1,0,0,0,1,0,0.9582303616652839,0.8584375048305964,3,0,0
640,0,0,1,0,1,0,0,0,1,0,0,-0.30530817021749884,-0.38841551897014165,3,1,0
641,0,0,1,1,0,0,0,0,1,0,0,-0.7001639614308685,-0.8242947203970046,3,1,0
642,1,0,0,1,0,0,0,0,0,0,1,-0.38427932846017276,2.143614574937876,1,0,1
643,0,0,1,0,0,1,0,1,0,0,0,-2.121644809798999,0.23534137263976643,3,0,0
644,0,0,1,1,0,0,0,0,1,0,0,-0.30530817021749884,1.74693690832609,3,1,1
645,1,0,0,0,0,1,0,1,0,0,0,-2.2203587576023414,-0.22146540110814408,3,0,1
646,1,0,0,0,1,0,0,0,1,0,0,1.5110284693640013,2.143614574937876,1,1,1
647,0,0,1,1,0,0,0,0,1,0,0,-0.7791351196735424,-0.8220957130503119,3,1,0
648,1,0,0,1,0,0,0,0,0,0,1,2.142797735305393,0.6370830994393684,1,1,1
649,0,0,1,1,0,0,0,0,1,0,0,-0.30530817021749884,-0.8403749616196938,3,1,0
650,0,0,1,1,0,0,0,1,0,0,0,-0.4632504867028467,-0.8403749616196938,3,0,1
651,0,0,1,1,0,0,0,0,1,0,0,-0.30530817021749884,-0.8220957130503119,3,1,0
652,0,0,1,0,1,0,0,1,0,0,0,-0.8581062779162163,-0.02367631963892421,2,0,1
653,0,0,1,1,0,0,0,0,1,0,0,-0.6211928031881946,-0.7936830580299454,3,1,0
654,0,1,0,1,0,0,0,1,0,0,0,-0.5817072240668576,-0.8256162392351611,3,0,1
655,0,1,0,1,0,0,0,1,0,0,0,-0.8581062779162163,-0.8165876225328753,3,0,0
656,0,0,1,0,1,0,0,0,1,0,0,-0.38427932846017276,1.5092855326227146,2,1,0
657,0,0,1,1,0,0,0,0,1,0,0,-0.30530817021749884,-0.8220957130503119,3,1,0
658,0,1,0,0,1,0,0,0,0,1,0,0.2474899374812186,-0.4201319710858998,3,0,0
659,0,0,1,1,0,0,0,0,1,0,0,-0.4632504867028467,-0.5522838549015583,2,1,0
660,1,0,0,0,1,0,0,0,1,0,0,2.2217688935480666,1.5092855326227146,1,1,0
661,0,0,1,0,1,0,0,0,0,0,1,1.6689707858493492,2.143614574937876,1,1,1
662,1,0,0,1,0,0,0,0,1,0,0,0.87925920342261,-0.8575547065157296,3,1,0
663,0,0,1,1,0,0,0,0,1,0,0,1.4320573111213275,0.11310088011028228,1,1,0
664,0,0,1,1,0,0,0,0,1,0,0,0.5633745704519143,-0.8432400144608174,3,1,0
665,0,0,1,0,1,0,0,0,1,0,0,-0.7001639614308685,-0.820552179047345,3,1,1
666,0,0,1,0,1,0,0,0,1,0,0,0.2474899374812186,1.5092855326227146,2,1,0
667,0,0,1,1,0,0,0,0,1,0,0,-0.30530817021749884,-0.5522838549015583,2,1,0
668,0,0,1,1,0,0,0,0,1,0,0,-0.30530817021749884,-0.8284812920762846,3,1,0
669,0,0,1,1,0,0,0,0,1,0,0,1.1161726781506318,-0.8139445848565622,3,1,0
670,0,0,1,0,1,0,0,0,0,1,0,0.4844034122092404,1.5092855326227146,1,0,1
671,0,0,1,0,1,0,0,0,0,1,0,0.87925920342261,0.8220957367812903,2,0,1
672,0,0,1,0,1,0,0,0,1,0,0,0.1685187792385447,1.5092855326227146,1,1,0
673,0,0,1,1,0,0,0,0,1,0,0,2.2217688935480666,-0.6844357387172169,2,1,0
674,0,0,1,1,0,0,0,0,1,0,0,0.1685187792385447,-0.5522838549015583,2,1,1
675,0,0,1,1,0,0,0,0,1,0,0,0.08954762099587076,-0.8165876225328753,2,1,0
676,0,0,1,1,0,0,0,0,1,0,0,-0.8581062779162163,-0.8284812920762846,3,1,0
677,0,0,1,1,0,0,0,0,1,0,0,-0.34479374933883583,-0.8139445848565622,3,1,0
678,0,0,1,1,0,0,0,1,0,0,0,-0.8581062779162163,-0.719233972763556,3,0,1
679,0,0,1,0,0,1,0,0,0,1,0,1.1161726781506318,1.2396956896387712,3,0,0
680,1,0,0,0,1,0,0,0,1,0,0,0.5633745704519143,2.143614574937876,1,1,1
681,0,1,0,1,0,0,0,1,0,0,0,-0.5817072240668576,-0.8093192689230142,3,0,0
682,1,0,0,1,0,0,0,0,1,0,0,-0.147365853732151,2.143614574937876,1,1,1
683,0,0,1,1,0,0,0,0,1,0,0,-0.7001639614308685,-0.7518331994632027,3,1,0
684,0,0,1,0,0,1,0,0,1,0,0,-1.173990910886912,1.2396956896387712,3,1,0
685,0,0,1,0,1,0,0,0,1,0,0,2.2217688935480666,0.8220957367812903,2,1,0
686,1,0,0,0,0,1,0,0,1,0,0,-0.30530817021749884,0.958434192276229,2,1,0
687,0,0,1,0,0,1,0,0,1,0,0,-1.173990910886912,0.8584375048305964,3,1,0
688,0,0,1,1,0,0,0,0,1,0,0,-0.7791351196735424,-0.7018374987780628,3,1,0
689,0,0,1,1,0,0,0,0,1,0,0,-0.8581062779162163,-0.8273817884029383,3,1,0
690,0,0,1,0,1,0,0,1,0,0,0,-1.095019752644238,2.143614574937876,1,0,1
691,0,0,1,0,1,0,0,0,1,0,0,0.1685187792385447,1.773589300254032,1,1,1
692,1,0,0,0,1,0,0,1,0,0,0,-1.963702493313651,-0.5302567789071643,3,0,1
693,0,0,1,1,0,0,0,0,1,0,0,-0.30530817021749884,1.74693690832609,3,1,1
694,1,0,0,1,0,0,0,0,1,0,0,-0.30530817021749884,-0.8575547065157296,3,1,0
695,0,0,1,1,0,0,0,0,0,0,1,2.2217688935480666,0.16397935537931094,1,1,0
696,0,0,1,1,0,0,0,0,1,0,0,1.826913102334697,-0.5258534781384266,2,1,0
697,0,0,1,1,0,0,0,0,1,0,0,1.1951438363933056,-0.8139445848565622,3,1,0
698,0,1,0,1,0,0,0,1,0,0,0,-0.5817072240668576,-0.8306855854983298,3,0,1
699,1,0,0,0,1,0,0,0,1,0,0,1.5899996276066752,1.5092855326227146,1,1,0
700,0,0,1,1,0,0,0,0,1,0,0,1.0372015199079578,-0.8350888862670676,3,1,0
701,1,0,0,0,1,0,0,0,0,1,0,-0.8581062779162163,2.143614574937876,1,0,1
702,0,0,1,1,0,0,0,0,1,0,0,0.4844034122092404,0.15010340757866683,1,1,1
703,1,0,0,0,1,0,0,1,0,0,0,-0.8581062779162163,-0.475413747123666,3,0,0
704,0,1,0,1,0,0,0,0,1,0,0,-0.30530817021749884,-0.8302415551687092,3,1,0
705,0,0,1,0,1,0,0,0,1,0,0,-0.22633701197482492,-0.8242947203970046,3,1,0
706,0,0,1,1,0,0,0,0,1,0,0,0.800288045179936,0.13490594093986602,2,1,0
707,0,0,1,1,0,0,0,0,0,1,0,1.2741149946359795,-0.5258534781384266,2,0,1
708,0,0,1,1,0,0,0,0,1,0,0,1.0372015199079578,0.15010340757866683,1,1,1
709,0,0,1,1,0,0,0,1,0,0,0,-0.5422216449455206,2.143614574937876,1,0,1
710,1,0,0,0,1,0,1,0,0,0,0,-0.30530817021749884,-0.43356917463227596,3,1,1
711,1,0,0,1,0,0,0,0,0,0,1,-0.38427932846017276,1.3773556639718663,1,0,1
712,0,0,1,1,0,0,0,0,1,0,0,0.87925920342261,0.16397935537931094,1,1,0
713,0,0,1,0,1,0,0,0,1,0,0,1.5110284693640013,1.5092855326227146,1,1,1
714,0,0,1,1,0,0,0,0,1,0,0,0.010576462753196838,-0.7381792668273688,3,1,0
715,0,0,1,1,0,0,0,0,1,0,0,1.826913102334697,-0.5522838549015583,2,1,0
716,0,0,1,1,0,0,0,0,1,0,0,-0.7791351196735424,-0.8350888862670676,3,1,0
717,1,0,0,1,0,0,0,1,0,0,0,0.7213168869372621,2.143614574937876,1,0,1
718,0,0,1,1,0,0,0,1,0,0,0,-0.147365853732151,-0.6844357387172169,2,0,1
719,0,1,0,1,0,0,0,0,1,0,0,-0.30530817021749884,-0.4201319710858998,3,1,0
720,0,0,1,1,0,0,0,0,1,0,0,0.32646109572389254,-0.8284812920762846,3,1,0
721,0,0,1,0,1,0,0,1,0,0,0,-1.8057601768283034,0.5049312156237099,2,0,1
722,0,0,1,0,1,0,0,0,1,0,0,-0.9370774361588903,-0.8165876225328753,3,1,0
723,0,0,1,1,0,0,0,0,1,0,0,0.40543225396656646,-0.5522838549015583,2,1,0
724,0,0,1,1,0,0,0,0,1,0,0,1.6689707858493492,-0.5522838549015583,2,1,0
725,0,0,1,0,1,0,0,0,1,0,0,-0.147365853732151,1.5674323615016044,1,1,1
726,0,0,1,1,0,0,0,0,1,0,0,-0.7001639614308685,-0.7815673733217259,3,1,0
727,0,0,1,0,0,1,0,0,0,1,0,0.08954762099587076,-0.12939782669145103,2,0,1
728,0,1,0,1,0,0,0,1,0,0,0,-0.5817072240668576,-0.8304635703335195,3,0,1
729,0,0,1,0,1,0,0,0,1,0,0,-0.30530817021749884,0.13490594093986602,2,1,0
730,0,0,1,0,1,0,0,1,0,0,0,-0.30530817021749884,-0.820552179047345,3,0,0
731,0,0,1,1,0,0,0,1,0,0,0,0.010576462753196838,2.143614574937876,1,0,1
732,1,0,0,1,0,0,0,0,1,0,0,-1.4109043856149337,-0.24635224386830876,3,1,0
733,0,0,1,1,0,0,0,0,1,0,0,0.08954762099587076,-0.8165876225328753,2,1,0
734,0,0,1,1,0,0,0,0,1,0,0,-0.4632504867028467,-0.5522838549015583,2,1,0
735,0,0,1,1,0,0,0,0,1,0,0,-0.4632504867028467,-0.5522838549015583,2,1,0
736,0,0,1,1,0,0,0,0,1,0,0,-0.02890911636814012,-0.38841551897014165,3,1,0
737,0,0,1,0,0,1,0,0,0,1,0,1.5110284693640013,0.577614751722322,3,0,0
738,1,0,0,1,0,0,0,0,1,0,0,0.4844034122092404,2.143614574937876,1,1,1
739,0,0,1,1,0,0,0,0,1,0,0,-0.30530817021749884,-0.8220957130503119,3,1,0
740,0,0,1,1,0,0,0,0,1,0,0,-0.30530817021749884,-0.8220957130503119,3,1,0
741,0,0,1,1,0,0,0,0,1,0,0,0.87925920342261,0.34634895504491964,1,1,1
742,0,0,1,0,1,0,0,0,1,0,0,0.5633745704519143,1.5092855326227146,1,1,0
743,1,0,0,0,0,1,0,1,0,0,0,-0.6211928031881946,2.143614574937876,1,0,1
744,0,0,1,0,1,0,0,0,1,0,0,-0.38427932846017276,-0.38841551897014165,3,1,0
745,0,0,1,1,0,0,0,0,1,0,0,0.1685187792385447,-0.820552179047345,3,1,1
746,0,0,1,0,1,0,0,0,0,0,1,2.2217688935480666,1.5092855326227146,1,1,0
747,0,0,1,0,1,0,0,0,1,0,0,-1.0160485944015643,-0.16904339183614858,3,1,0
748,0,0,1,1,0,0,0,1,0,0,0,0.08954762099587076,-0.5522838549015583,2,0,1
749,0,0,1,0,1,0,0,0,1,0,0,-0.7791351196735424,1.5092855326227146,1,1,0
750,0,1,0,1,0,0,0,0,1,0,0,0.1685187792385447,-0.8298028109144412,3,1,0
751,0,0,1,0,1,0,0,1,0,0,0,-1.963702493313651,-0.02367631963892421,2,0,1
752,0,0,1,0,1,0,1,0,0,0,0,-1.8057601768283034,-0.5800357505028466,3,1,1
753,0,0,1,1,0,0,0,0,1,0,0,0.32646109572389254,-0.7372964922434803,3,1,0
754,0,0,1,1,0,0,0,0,1,0,0,-0.4632504867028467,-0.8220957130503119,3,1,0
755,0,0,1,0,0,1,0,0,0,1,0,1.5110284693640013,2.143614574937876,2,0,1
756,0,0,1,0,1,0,1,0,0,0,0,-2.2266764502617553,-0.4729927246121632,2,1,1
757,0,0,1,1,0,0,0,0,1,0,0,-0.06839469548947709,-0.8273817884029383,3,1,0
758,0,0,1,1,0,0,0,0,1,0,0,-0.8581062779162163,-0.6315749851909535,2,1,0
759,0,0,1,1,0,0,0,0,1,0,0,0.40543225396656646,-0.8139445848565622,3,1,0
760,0,0,1,1,0,0,0,0,0,0,1,0.32646109572389254,2.143614574937876,1,0,1
761,0,0,1,1,0,0,0,0,1,0,0,-0.30530817021749884,-0.4729927246121632,3,1,0
762,0,0,1,1,0,0,0,0,1,0,0,0.9582303616652839,-0.8165876225328753,3,1,0
763,1,0,0,1,0,0,0,0,1,0,0,-0.7001639614308685,-0.8573326913509193,3,1,1
764,0,0,1,0,0,1,0,0,0,1,0,0.5633745704519143,2.143614574937876,1,0,1
765,0,0,1,1,0,0,0,0,1,0,0,-1.0160485944015643,-0.8284812920762846,3,1,0
766,0,0,1,0,1,0,0,0,0,1,0,1.7479419440920232,2.143614574937876,1,0,1
767,1,0,0,1,0,0,0,0,0,0,1,0.87925920342261,0.8538121888970485,1,1,0
768,0,1,0,1,0,0,0,1,0,0,0,0.12903320011720773,-0.8298028109144412,3,0,0
769,0,1,0,0,1,0,0,0,1,0,0,-0.30530817021749884,0.037113546916278634,3,1,0
770,0,0,1,1,0,0,0,0,1,0,0,0.2474899374812186,-0.7974255993796048,3,1,0
771,0,0,1,1,0,0,0,0,1,0,0,-0.38427932846017276,-0.7372964922434803,3,1,0
772,0,0,1,1,0,0,0,0,1,0,0,1.5110284693640013,-0.8242947203970046,3,1,0
773,0,0,1,1,0,0,0,0,0,1,0,2.2217688935480666,-0.6844357387172169,2,0,0
774,1,0,0,1,0,0,0,0,1,0,0,-0.30530817021749884,-0.8575547065157296,3,1,0
775,0,0,1,0,0,1,0,0,0,1,0,1.984855418820045,-0.02367631963892421,2,0,1
776,0,0,1,1,0,0,0,0,1,0,0,-0.8581062779162163,-0.8298028109144412,3,1,0
777,0,1,0,1,0,0,0,0,1,0,0,-0.30530817021749884,-0.8298028109144412,3,1,0
778,0,0,1,1,0,0,0,1,0,0,0,-1.8847313350709773,-0.5800357505028466,3,0,1
779,0,1,0,1,0,0,0,0,1,0,0,-0.30530817021749884,-0.8304635703335195,3,1,0
780,0,0,1,0,1,0,0,0,0,1,0,1.1161726781506318,2.143614574937876,1,0,1
781,1,0,0,1,0,0,0,1,0,0,0,-1.252962069129586,-0.8573326913509193,3,0,1
782,0,0,1,0,1,0,0,0,0,1,0,-0.9370774361588903,1.773589300254032,1,0,1
783,0,0,1,1,0,0,0,0,1,0,0,0.010576462753196838,0.34634895504491964,1,1,0
784,0,0,1,0,0,1,0,0,1,0,0,-0.30530817021749884,0.00011101944789428568,3,1,0
785,0,0,1,1,0,0,0,0,1,0,0,-0.30530817021749884,-0.8165876225328753,3,1,0
786,0,0,1,1,0,0,0,0,1,0,0,-0.30530817021749884,-0.856233187677573,3,1,0
787,0,0,1,1,0,0,0,1,0,0,0,-0.8581062779162163,-0.8432400144608174,3,0,1
788,0,1,0,0,0,1,1,0,0,0,0,-1.6478178603429554,0.3000957957094392,3,1,0
789,0,0,1,0,0,1,1,0,0,0,0,-2.200615968041673,-0.151863646940113,3,1,1
790,1,0,0,1,0,0,0,0,1,0,0,1.3530861528786535,1.5092855326227146,1,1,0
791,0,1,0,1,0,0,0,0,1,0,0,-0.30530817021749884,-0.8298028109144412,3,1,0
792,0,0,1,1,0,0,0,0,1,0,0,-1.0160485944015643,0.13490594093986602,2,1,0
793,0,0,1,0,0,1,0,1,0,0,0,-0.5817072240668576,1.5092855326227146,3,0,0
794,1,0,0,1,0,0,0,0,1,0,0,0.87925920342261,0.3831294673484936,1,1,0
795,0,0,1,1,0,0,0,0,1,0,0,-0.30530817021749884,-0.8220957130503119,3,1,0
796,0,0,1,1,0,0,0,0,1,0,0,0.800288045179936,-0.5522838549015583,2,1,0
797,0,0,1,1,0,0,0,0,0,0,1,1.5899996276066752,0.13116339959020665,1,0,1
798,0,0,1,1,0,0,0,0,0,1,0,0.1685187792385447,-0.7804678696483796,3,0,1
799,1,0,0,1,0,0,0,0,1,0,0,0.08954762099587076,-0.8573326913509193,3,1,0
800,0,0,1,0,1,0,0,0,0,1,0,0.08954762099587076,0.037113546916278634,3,0,0
801,0,0,1,1,0,0,0,0,1,0,0,0.40543225396656646,-0.5522838549015583,2,1,0
802,0,0,1,0,1,0,0,0,0,1,0,0.1685187792385447,0.14812112932143187,2,0,1
803,0,0,1,0,0,1,1,0,0,0,0,-1.4109043856149337,2.143614574937876,1,1,1
804,1,0,0,0,1,0,1,0,0,0,0,-2.2464192398224236,-0.789274471185855,3,1,1
805,0,0,1,1,0,0,0,0,1,0,0,-0.147365853732151,-0.8707698948972954,3,1,1
806,0,0,1,1,0,0,0,0,1,0,0,0.1685187792385447,-0.8284812920762846,3,1,0
807,0,0,1,1,0,0,0,0,1,0,0,0.800288045179936,-0.8165876225328753,1,1,0
808,0,0,1,1,0,0,0,1,0,0,0,-0.8581062779162163,-0.8284812920762846,3,0,0
809,0,0,1,1,0,0,0,0,1,0,0,0.800288045179936,-0.5522838549015583,2,1,0
810,0,0,1,0,1,0,0,0,0,1,0,0.32646109572389254,1.5674323615016044,1,0,1
811,0,0,1,1,0,0,0,0,1,0,0,-0.22633701197482492,-0.82253445730458,3,1,0
812,0,0,1,1,0,0,0,0,1,0,0,0.800288045179936,0.037113546916278634,3,1,0
813,0,0,1,1,0,0,0,0,1,0,0,0.4844034122092404,-0.6844357387172169,2,1,0
814,0,0,1,0,0,1,0,1,0,0,0,-1.8057601768283034,0.41374641579090543,3,0,0
815,0,0,1,1,0,0,0,0,1,0,0,0.12903320011720773,-0.8139445848565622,3,1,0
816,0,0,1,1,0,0,0,0,1,0,0,0.87925920342261,-0.8165876225328753,1,1,0
817,0,0,1,1,0,0,0,1,0,0,0,-0.4632504867028467,-0.820552179047345,3,0,0
818,1,0,0,0,1,0,0,0,1,0,0,0.1685187792385447,0.7165962448935737,2,1,0
819,0,0,1,1,0,0,0,0,1,0,0,1.1161726781506318,-0.8165876225328753,3,1,0
820,0,0,1,0,0,1,1,0,0,0,0,-1.4898755438576077,0.23534137263976643,3,1,0
821,0,0,1,0,1,0,0,0,0,1,0,1.826913102334697,2.143614574937876,1,0,1
822,0,0,1,1,0,0,0,0,1,0,0,-0.147365853732151,-0.7815673733217259,3,1,1
823,0,0,1,1,0,0,0,0,0,0,1,0.7213168869372621,-0.8165876225328753,1,1,0
824,0,0,1,0,1,0,0,0,0,1,0,-0.147365853732151,-0.5800357505028466,3,0,1
825,0,0,1,0,0,1,1,0,0,0,0,-2.121644809798999,0.8584375048305964,3,1,0
826,0,1,0,1,0,0,0,0,1,0,0,-0.30530817021749884,-0.8165876225328753,3,1,0
827,0,0,1,1,0,0,0,0,1,0,0,-0.30530817021749884,1.5092855326227146,3,1,0
828,1,0,0,0,1,0,1,0,0,0,0,-2.200615968041673,0.7165962448935737,2,1,1
829,0,1,0,1,0,0,0,0,1,0,0,-0.30530817021749884,-0.8298028109144412,3,1,1
830,0,0,1,1,0,0,0,0,0,1,0,2.2217688935480666,2.143614574937876,1,0,1
831,1,0,0,0,1,0,0,0,0,1,0,-1.095019752644238,-0.475413747123666,3,0,1
832,0,0,1,0,1,0,1,0,0,0,0,-2.214041064942928,-0.2483345221255437,2,1,1
833,1,0,0,1,0,0,0,0,1,0,0,-0.30530817021749884,-0.8573326913509193,3,1,0
834,0,0,1,1,0,0,0,0,1,0,0,-0.4632504867028467,-0.8242947203970046,3,1,0
835,0,0,1,1,0,0,0,0,1,0,0,-0.8581062779162163,-0.8007293964749963,3,1,0
836,1,0,0,0,1,0,0,1,0,0,0,0.800288045179936,2.143614574937876,1,0,1
837,0,0,1,1,0,0,0,0,1,0,0,-0.6211928031881946,-0.7815673733217259,3,1,0
838,0,0,1,1,0,0,0,0,1,0,0,-0.30530817021749884,-0.8139445848565622,3,1,0
839,0,0,1,1,0,0,0,0,1,0,0,0.2474899374812186,1.74693690832609,3,1,1
840,1,0,0,1,0,0,0,0,1,0,0,0.87925920342261,0.33049072898704057,1,1,1
841,0,0,1,1,0,0,0,0,1,0,0,-0.7001639614308685,-0.820552179047345,3,1,0
842,0,0,1,1,0,0,0,0,1,0,0,-1.0160485944015643,-0.6844357387172169,2,1,0
843,1,0,0,1,0,0,0,1,0,0,0,0.08954762099587076,0.39920970857118304,1,0,1
844,1,0,0,1,0,0,0,0,1,0,0,0.4449178330879034,-0.8165876225328753,3,1,0
845,0,0,1,1,0,0,0,0,1,0,0,-0.9370774361588903,-0.7815673733217259,3,1,0
846,0,0,1,1,0,0,0,0,1,0,0,1.0372015199079578,-0.8403749616196938,3,1,0
847,0,0,1,0,0,1,0,0,1,0,0,-0.30530817021749884,1.5092855326227146,3,1,0
848,1,0,0,1,0,0,0,0,1,0,0,0.4844034122092404,-0.8220957130503119,3,1,0
849,0,0,1,0,1,0,0,0,0,0,1,-0.06839469548947709,0.5049312156237099,2,1,0
850,1,0,0,0,1,0,0,0,0,1,0,0.4844034122092404,2.143614574937876,1,0,1
851,0,0,1,0,0,1,1,0,0,0,0,-1.963702493313651,0.41374641579090543,3,1,0
852,0,0,1,1,0,0,0,0,1,0,0,2.2217688935480666,-0.8284812920762846,3,1,0
853,1,0,0,0,1,0,0,1,0,0,0,-1.5688467021002817,-0.43356917463227596,3,0,0
854,0,0,1,0,1,0,0,1,0,0,0,-1.0160485944015643,0.8432400381917956,1,0,1
855,0,0,1,0,1,0,0,0,0,1,0,1.1951438363933056,0.13490594093986602,2,0,0
856,0,0,1,0,1,0,0,0,0,1,0,-0.8581062779162163,-0.7452256052724198,3,0,1
857,0,0,1,0,1,0,0,0,0,1,0,1.2741149946359795,2.143614574937876,1,0,1
858,0,0,1,1,0,0,0,0,1,0,0,1.7479419440920232,0.16397935537931094,1,1,1
859,1,0,0,0,0,1,0,0,0,1,0,-0.38427932846017276,-0.22146540110814408,3,0,1
860,1,0,0,1,0,0,0,0,1,0,0,-0.30530817021749884,-0.8573326913509193,3,1,0
861,0,0,1,0,1,0,0,0,1,0,0,0.9582303616652839,-0.4936982817684006,3,1,0
862,0,0,1,0,1,0,0,0,1,0,0,-0.6211928031881946,-0.6315749851909535,2,1,0
863,0,0,1,1,0,0,0,0,0,1,0,1.5110284693640013,0.13116339959020665,1,0,1
864,0,0,1,0,0,1,0,1,0,0,0,-0.5817072240668576,1.5092855326227146,3,0,0
865,0,0,1,1,0,0,0,0,1,0,0,-0.38427932846017276,-0.5522838549015583,2,1,0
866,0,0,1,1,0,0,0,0,0,1,0,1.0372015199079578,-0.5522838549015583,2,0,1
867,1,0,0,0,1,0,0,1,0,0,0,-0.147365853732151,-0.5069134701499665,2,0,1
868,0,0,1,1,0,0,0,0,1,0,0,0.1685187792385447,1.4297723871685093,1,1,0
869,0,0,1,1,0,0,0,0,1,0,0,-0.30530817021749884,-0.7372964922434803,3,1,0
870,0,0,1,0,1,0,1,0,0,0,0,-1.963702493313651,-0.6509590235090342,3,1,1
871,0,0,1,1,0,0,0,0,1,0,0,-0.22633701197482492,-0.8220957130503119,3,1,0
872,0,0,1,0,1,0,0,0,0,1,0,1.4320573111213275,1.53858096222697,1,0,1
873,0,0,1,1,0,0,0,0,1,0,0,0.32646109572389254,-0.8165876225328753,1,1,0
874,0,0,1,1,0,0,0,0,1,0,0,1.4320573111213275,-0.7637268690066119,3,1,0
875,1,0,0,0,1,0,0,0,0,1,0,-0.06839469548947709,0.029184433887339198,2,0,1
876,1,0,0,1,0,0,0,1,0,0,0,-1.095019752644238,-0.8575547065157296,3,0,1
877,0,0,1,1,0,0,0,0,1,0,0,-0.7001639614308685,-0.7190172436740984,3,1,0
878,0,0,1,1,0,0,0,0,1,0,0,-0.7791351196735424,-0.8220957130503119,3,1,0
879,0,0,1,1,0,0,0,0,1,0,0,-0.30530817021749884,-0.8220957130503119,3,1,0
880,1,0,0,0,1,0,0,0,0,1,0,2.142797735305393,2.143614574937876,1,0,1
881,0,0,1,0,1,0,0,0,0,1,0,-0.30530817021749884,0.13490594093986602,2,0,1
882,0,0,1,1,0,0,0,0,1,0,0,0.32646109572389254,-0.8220957130503119,3,1,0
883,0,0,1,1,0,0,0,1,0,0,0,-0.5422216449455206,-0.6835529641333282,3,0,0
884,0,0,1,1,0,0,0,0,1,0,0,-0.06839469548947709,-0.6844357387172169,2,1,0
885,0,0,1,1,0,0,0,0,1,0,0,-0.30530817021749884,-0.8165876225328753,3,1,0
886,0,1,0,0,0,1,0,0,0,1,0,0.800288045179936,0.3000957957094392,3,0,0
887,0,0,1,1,0,0,0,0,0,0,1,-0.147365853732151,-0.5522838549015583,2,1,0
888,0,0,1,1,0,0,0,1,0,0,0,-0.7791351196735424,0.34634895504491964,1,0,1
889,0,0,1,0,0,1,0,1,0,0,0,-0.5817072240668576,0.00011101944789428568,3,0,0
890,1,0,0,1,0,0,0,0,1,0,0,-0.22633701197482492,0.34634895504491964,1,1,1
891,0,1,0,1,0,0,0,0,1,0,0,0.2474899374812186,-0.8298028109144412,3,1,0
